"","location","TIME","year","quarter","left","execrlc","govfrac","yrcurnt","surprise_election","is_election_date"
"1","BEL",1987.75,1987,"Q4",0,1,0.687954,4,0,1
"2","BEL",1988,1988,"Q1",0,1,0.687954,3.75,0,0
"3","BEL",1988.25,1988,"Q2",0,1,0.687954,3.5,0,0
"4","BEL",1988.5,1988,"Q3",0,1,0.687954,3.25,0,0
"5","BEL",1988.75,1988,"Q4",0,1,0.687954,3,0,0
"6","BEL",1989,1989,"Q1",0,1,0.687954,2.75,0,0
"7","BEL",1989.25,1989,"Q2",0,1,0.687954,2.5,0,0
"8","BEL",1989.5,1989,"Q3",0,1,0.687954,2.25,0,0
"9","BEL",1989.75,1989,"Q4",0,1,0.687954,2,0,0
"10","BEL",1990,1990,"Q1",0,1,0.687954,1.75,0,0
"11","BEL",1990.25,1990,"Q2",0,1,0.687954,1.5,0,0
"12","BEL",1990.5,1990,"Q3",0,1,0.687954,1.25,0,0
"13","BEL",1990.75,1990,"Q4",0,1,0.687954,1,0,0
"14","BEL",1991,1991,"Q1",0,1,0.687954,0.75,0,0
"15","BEL",1991.25,1991,"Q2",0,1,0.687954,0.5,0,0
"16","BEL",1991.5,1991,"Q3",0,1,0.687954,0.25,0,0
"17","BEL",1991.75,1991,"Q4",0,1,0.779172,4,0,1
"18","BEL",1992,1992,"Q1",0,1,0.779172,3.75,0,0
"19","BEL",1992.25,1992,"Q2",0,1,0.779172,3.5,0,0
"20","BEL",1992.5,1992,"Q3",0,1,0.779172,3.25,0,0
"21","BEL",1992.75,1992,"Q4",0,1,0.779172,3,0,0
"22","BEL",1993,1993,"Q1",0,1,0.779172,2.75,0,0
"23","BEL",1993.25,1993,"Q2",0,1,0.779172,2.5,0,0
"24","BEL",1993.5,1993,"Q3",0,1,0.779172,2.25,0,0
"25","BEL",1993.75,1993,"Q4",0,1,0.779172,2,0,0
"26","BEL",1994,1994,"Q1",0,1,0.779172,1.75,0,0
"27","BEL",1994.25,1994,"Q2",0,1,0.779172,1.5,0,0
"28","BEL",1994.5,1994,"Q3",0,1,0.779172,1.25,0,0
"29","BEL",1994.75,1994,"Q4",0,1,0.779172,1,0,0
"30","BEL",1995,1995,"Q1",0,1,0.779172,0.75,0,0
"31","BEL",1995.25,1995,"Q2",0,1,0.738515,4,0,1
"32","BEL",1995.5,1995,"Q3",0,1,0.738515,3.75,0,0
"33","BEL",1995.75,1995,"Q4",0,1,0.738515,3.5,0,0
"34","BEL",1996,1996,"Q1",0,1,0.738515,3.25,0,0
"35","BEL",1996.25,1996,"Q2",0,1,0.738515,3,0,0
"36","BEL",1996.5,1996,"Q3",0,1,0.738515,2.75,0,0
"37","BEL",1996.75,1996,"Q4",0,1,0.738515,2.5,0,0
"38","BEL",1997,1997,"Q1",0,1,0.738515,2.25,0,0
"39","BEL",1997.25,1997,"Q2",0,1,0.738515,2,0,0
"40","BEL",1997.5,1997,"Q3",0,1,0.738515,1.75,0,0
"41","BEL",1997.75,1997,"Q4",0,1,0.738515,1.5,0,0
"42","BEL",1998,1998,"Q1",0,1,0.738515,1.25,0,0
"43","BEL",1998.25,1998,"Q2",0,1,0.738515,1,0,0
"44","BEL",1998.5,1998,"Q3",0,1,0.738515,0.75,0,0
"45","BEL",1998.75,1998,"Q4",0,1,0.738515,0.5,0,0
"46","BEL",1999,1999,"Q1",0,1,0.738515,0.25,0,0
"47","BEL",1999.25,1999,"Q2",0,1,0.827804,4,0,1
"48","BEL",1999.5,1999,"Q3",0,1,0.827804,3.75,0,0
"49","BEL",1999.75,1999,"Q4",0,1,0.827804,3.5,0,0
"50","BEL",2000,2000,"Q1",0,1,0.827804,3.25,0,0
"51","BEL",2000.25,2000,"Q2",0,1,0.827804,3,0,0
"52","BEL",2000.5,2000,"Q3",0,1,0.827804,2.75,0,0
"53","BEL",2000.75,2000,"Q4",0,1,0.827804,2.5,0,0
"54","BEL",2001,2001,"Q1",0,1,0.827804,2.25,0,0
"55","BEL",2001.25,2001,"Q2",0,1,0.827804,2,0,0
"56","BEL",2001.5,2001,"Q3",0,1,0.827804,1.75,0,0
"57","BEL",2001.75,2001,"Q4",0,1,0.827804,1.5,0,0
"58","BEL",2002,2002,"Q1",0,1,0.827804,1.25,0,0
"59","BEL",2002.25,2002,"Q2",0,1,0.827804,1,0,0
"60","BEL",2002.5,2002,"Q3",0,1,0.827804,0.75,0,0
"61","BEL",2002.75,2002,"Q4",0,1,0.827804,0.5,0,0
"62","BEL",2003,2003,"Q1",0,1,0.827804,0.25,0,0
"63","BEL",2003.25,2003,"Q2",0,1,0.827804,4,0,1
"64","BEL",2003.5,2003,"Q3",0,1,0.827804,3.75,0,0
"65","BEL",2003.75,2003,"Q4",0,1,0.827804,3.5,0,0
"66","BEL",2004,2004,"Q1",0,1,0.827804,3.25,0,0
"67","BEL",2004.25,2004,"Q2",0,1,0.827804,3,0,0
"68","BEL",2004.5,2004,"Q3",0,1,0.827804,2.75,0,0
"69","BEL",2004.75,2004,"Q4",0,1,0.827804,2.5,0,0
"70","BEL",2005,2005,"Q1",0,1,0.827804,2.25,0,0
"71","BEL",2005.25,2005,"Q2",0,1,0.827804,2,0,0
"72","BEL",2005.5,2005,"Q3",0,1,0.827804,1.75,0,0
"73","BEL",2005.75,2005,"Q4",0,1,0.827804,1.5,0,0
"74","BEL",2006,2006,"Q1",0,1,0.827804,1.25,0,0
"75","BEL",2006.25,2006,"Q2",0,1,0.827804,1,0,0
"76","BEL",2006.5,2006,"Q3",0,1,0.827804,0.75,0,0
"77","BEL",2006.75,2006,"Q4",0,1,0.827804,0.5,0,0
"78","BEL",2007,2007,"Q1",0,1,0.827804,0.25,0,0
"79","BEL",2007.25,2007,"Q2",0,1,0.785921,4,0,1
"80","BEL",2007.5,2007,"Q3",0,1,0.785921,3.75,0,0
"81","BEL",2007.75,2007,"Q4",0,1,0.785921,3.5,0,0
"82","BEL",2008,2008,"Q1",0,1,0.785921,3.25,0,0
"83","BEL",2008.25,2008,"Q2",0,1,0.785921,3,0,0
"84","BEL",2008.5,2008,"Q3",0,1,0.785921,2.75,0,0
"85","BEL",2008.75,2008,"Q4",0,1,0.785921,2.5,0,0
"86","BEL",2009,2009,"Q1",0,1,0.785921,2.25,0,0
"87","BEL",2009.25,2009,"Q2",0,1,0.785921,2,0,0
"88","BEL",2009.5,2009,"Q3",0,1,0.785921,1.75,0,0
"89","BEL",2009.75,2009,"Q4",0,1,0.785921,1.5,0,0
"90","BEL",2010,2010,"Q1",0,1,0.785921,1.25,0,0
"91","BEL",2010.25,2010,"Q2",0,1,0.790099,4,1,1
"92","BEL",2010.5,2010,"Q3",0,1,0.790099,3.75,0,0
"93","BEL",2010.75,2010,"Q4",0,1,0.790099,3.5,0,0
"94","BEL",2011,2011,"Q1",0,1,0.790099,3.25,0,0
"95","BEL",2011.25,2011,"Q2",0,1,0.790099,3,0,0
"96","BEL",2011.5,2011,"Q3",0,1,0.790099,2.75,0,0
"97","BEL",2011.75,2011,"Q4",0,1,0.790099,2.5,0,0
"98","BEL",2012,2012,"Q1",0,1,0.790099,2.25,0,0
"99","BEL",2012.25,2012,"Q2",0,1,0.790099,2,0,0
"100","BEL",2012.5,2012,"Q3",0,1,0.790099,1.75,0,0
"101","BEL",2012.75,2012,"Q4",0,1,0.790099,1.5,0,0
"102","CAN",1988.75,1988,"Q4",0,1,0,5,0,1
"103","CAN",1989,1989,"Q1",0,1,0,4.75,0,0
"104","CAN",1989.25,1989,"Q2",0,1,0,4.5,0,0
"105","CAN",1989.5,1989,"Q3",0,1,0,4.25,0,0
"106","CAN",1989.75,1989,"Q4",0,1,0,4,0,0
"107","CAN",1990,1990,"Q1",0,1,0,3.75,0,0
"108","CAN",1990.25,1990,"Q2",0,1,0,3.5,0,0
"109","CAN",1990.5,1990,"Q3",0,1,0,3.25,0,0
"110","CAN",1990.75,1990,"Q4",0,1,0,3,0,0
"111","CAN",1991,1991,"Q1",0,1,0,2.75,0,0
"112","CAN",1991.25,1991,"Q2",0,1,0,2.5,0,0
"113","CAN",1991.5,1991,"Q3",0,1,0,2.25,0,0
"114","CAN",1991.75,1991,"Q4",0,1,0,2,0,0
"115","CAN",1992,1992,"Q1",0,1,0,1.75,0,0
"116","CAN",1992.25,1992,"Q2",0,1,0,1.5,0,0
"117","CAN",1992.5,1992,"Q3",0,1,0,1.25,0,0
"118","CAN",1992.75,1992,"Q4",0,1,0,1,0,0
"119","CAN",1993,1993,"Q1",0,1,0,0.75,0,0
"120","CAN",1993.25,1993,"Q2",0,1,0,0.5,0,0
"121","CAN",1993.5,1993,"Q3",0,1,0,0.25,0,0
"122","CAN",1993.75,1993,"Q4",1,3,0,4,0,1
"123","CAN",1994,1994,"Q1",1,3,0,3.75,0,0
"124","CAN",1994.25,1994,"Q2",1,3,0,3.5,0,0
"125","CAN",1994.5,1994,"Q3",1,3,0,3.25,0,0
"126","CAN",1994.75,1994,"Q4",1,3,0,3,0,0
"127","CAN",1995,1995,"Q1",1,3,0,2.75,0,0
"128","CAN",1995.25,1995,"Q2",1,3,0,2.5,0,0
"129","CAN",1995.5,1995,"Q3",1,3,0,2.25,0,0
"130","CAN",1995.75,1995,"Q4",1,3,0,2,0,0
"131","CAN",1996,1996,"Q1",1,3,0,1.75,0,0
"132","CAN",1996.25,1996,"Q2",1,3,0,1.5,0,0
"133","CAN",1996.5,1996,"Q3",1,3,0,1.25,0,0
"134","CAN",1996.75,1996,"Q4",1,3,0,1,0,0
"135","CAN",1997,1997,"Q1",1,3,0,0.75,0,0
"136","CAN",1997.25,1997,"Q2",1,3,0,4,0,1
"137","CAN",1997.5,1997,"Q3",1,3,0,3.75,0,0
"138","CAN",1997.75,1997,"Q4",1,3,0,3.5,0,0
"139","CAN",1998,1998,"Q1",1,3,0,3.25,0,0
"140","CAN",1998.25,1998,"Q2",1,3,0,3,0,0
"141","CAN",1998.5,1998,"Q3",1,3,0,2.75,0,0
"142","CAN",1998.75,1998,"Q4",1,3,0,2.5,0,0
"143","CAN",1999,1999,"Q1",1,3,0,2.25,0,0
"144","CAN",1999.25,1999,"Q2",1,3,0,2,0,0
"145","CAN",1999.5,1999,"Q3",1,3,0,1.75,0,0
"146","CAN",1999.75,1999,"Q4",1,3,0,1.5,0,0
"147","CAN",2000,2000,"Q1",1,3,0,1.25,0,0
"148","CAN",2000.25,2000,"Q2",1,3,0,1,0,0
"149","CAN",2000.5,2000,"Q3",1,3,0,0.75,0,0
"150","CAN",2000.75,2000,"Q4",1,3,0,4,1,1
"151","CAN",2001,2001,"Q1",1,3,0,3.75,0,0
"152","CAN",2001.25,2001,"Q2",1,3,0,3.5,0,0
"153","CAN",2001.5,2001,"Q3",1,3,0,3.25,0,0
"154","CAN",2001.75,2001,"Q4",1,3,0,3,0,0
"155","CAN",2002,2002,"Q1",1,3,0,2.75,0,0
"156","CAN",2002.25,2002,"Q2",1,3,0,2.5,0,0
"157","CAN",2002.5,2002,"Q3",1,3,0,2.25,0,0
"158","CAN",2002.75,2002,"Q4",1,3,0,2,0,0
"159","CAN",2003,2003,"Q1",1,3,0,1.75,0,0
"160","CAN",2003.25,2003,"Q2",1,3,0,1.5,0,0
"161","CAN",2003.5,2003,"Q3",1,3,0,1.25,0,0
"162","CAN",2003.75,2003,"Q4",1,3,0,1,0,0
"163","CAN",2004,2004,"Q1",1,3,0,0.75,0,0
"164","CAN",2004.25,2004,"Q2",1,3,0,4,0,1
"165","CAN",2004.5,2004,"Q3",1,3,0,3.75,0,0
"166","CAN",2004.75,2004,"Q4",1,3,0,3.5,0,0
"167","CAN",2005,2005,"Q1",1,3,0,3.25,0,0
"168","CAN",2005.25,2005,"Q2",1,3,0,3,0,0
"169","CAN",2005.5,2005,"Q3",1,3,0,2.75,0,0
"170","CAN",2005.75,2005,"Q4",1,3,0,2.5,0,0
"171","CAN",2006,2006,"Q1",0,1,0,4,1,1
"172","CAN",2006.25,2006,"Q2",0,1,0,3.75,0,0
"173","CAN",2006.5,2006,"Q3",0,1,0,3.5,0,0
"174","CAN",2006.75,2006,"Q4",0,1,0,3.25,0,0
"175","CAN",2007,2007,"Q1",0,1,0,3,0,0
"176","CAN",2007.25,2007,"Q2",0,1,0,2.75,0,0
"177","CAN",2007.5,2007,"Q3",0,1,0,2.5,0,0
"178","CAN",2007.75,2007,"Q4",0,1,0,2.25,0,0
"179","CAN",2008,2008,"Q1",0,1,0,2,0,0
"180","CAN",2008.25,2008,"Q2",0,1,0,1.75,0,0
"181","CAN",2008.5,2008,"Q3",0,1,0,1.5,0,0
"182","CAN",2008.75,2008,"Q4",0,1,0,4,1,1
"183","CAN",2009,2009,"Q1",0,1,0,3.75,0,0
"184","CAN",2009.25,2009,"Q2",0,1,0,3.5,0,0
"185","CAN",2009.5,2009,"Q3",0,1,0,3.25,0,0
"186","CAN",2009.75,2009,"Q4",0,1,0,3,0,0
"187","CAN",2010,2010,"Q1",0,1,0,2.75,0,0
"188","CAN",2010.25,2010,"Q2",0,1,0,2.5,0,0
"189","CAN",2010.5,2010,"Q3",0,1,0,2.25,0,0
"190","CAN",2010.75,2010,"Q4",0,1,0,2,0,0
"191","CAN",2011,2011,"Q1",0,1,0,1.75,0,0
"192","CAN",2011.25,2011,"Q2",0,1,0,4,1,1
"193","CAN",2011.5,2011,"Q3",0,1,0,3.75,0,0
"194","CAN",2011.75,2011,"Q4",0,1,0,3.5,0,0
"195","CAN",2012,2012,"Q1",0,1,0,3.25,0,0
"196","CAN",2012.25,2012,"Q2",0,1,0,3,0,0
"197","CAN",2012.5,2012,"Q3",0,1,0,2.75,0,0
"198","CAN",2012.75,2012,"Q4",0,1,0,2.5,0,0
"199","CZE",1986.25,1986,"Q2",1,3,0.501094,4,0,1
"200","CZE",1986.5,1986,"Q3",1,3,0.501094,3.75,0,0
"201","CZE",1986.75,1986,"Q4",1,3,0.501094,3.5,0,0
"202","CZE",1987,1987,"Q1",1,3,0.501094,3.25,0,0
"203","CZE",1987.25,1987,"Q2",1,3,0.501094,3,0,0
"204","CZE",1987.5,1987,"Q3",1,3,0.501094,2.75,0,0
"205","CZE",1987.75,1987,"Q4",1,3,0.501094,2.5,0,0
"206","CZE",1988,1988,"Q1",1,3,0.501094,2.25,0,0
"207","CZE",1988.25,1988,"Q2",1,3,0.501094,2,0,0
"208","CZE",1988.5,1988,"Q3",1,3,0.501094,1.75,0,0
"209","CZE",1988.75,1988,"Q4",1,3,0.501094,1.5,0,0
"210","CZE",1989,1989,"Q1",1,3,0.501094,1.25,0,0
"211","CZE",1989.25,1989,"Q2",1,3,0.501094,1,0,0
"212","CZE",1989.5,1989,"Q3",1,3,0.501094,0.75,0,0
"213","CZE",1989.75,1989,"Q4",1,3,0.501094,0.5,0,0
"214","CZE",1990,1990,"Q1",1,3,0.501094,0.25,0,0
"215","CZE",1990.25,1990,"Q2",0,0,0.442125,4,0,1
"216","CZE",1990.5,1990,"Q3",0,0,0.442125,3.75,0,0
"217","CZE",1990.75,1990,"Q4",0,0,0.442125,3.5,0,0
"218","CZE",1991,1991,"Q1",0,0,0.442125,3.25,0,0
"219","CZE",1991.25,1991,"Q2",0,0,0.442125,3,0,0
"220","CZE",1991.5,1991,"Q3",0,0,0.442125,2.75,0,0
"221","CZE",1991.75,1991,"Q4",0,0,0.442125,2.5,0,0
"222","CZE",1992,1992,"Q1",0,0,0.442125,2.25,0,0
"223","CZE",1992.25,1992,"Q2",0,1,0.370262,4,1,1
"224","CZE",1992.5,1992,"Q3",0,1,0.370262,3.75,0,0
"225","CZE",1992.75,1992,"Q4",0,1,0.370262,3.5,0,0
"226","CZE",1993,1993,"Q1",0,1,0.370262,3.25,0,0
"227","CZE",1993.25,1993,"Q2",0,1,0.370262,3,0,0
"228","CZE",1993.5,1993,"Q3",0,1,0.370262,2.75,0,0
"229","CZE",1993.75,1993,"Q4",0,1,0.370262,2.5,0,0
"230","CZE",1994,1994,"Q1",0,1,0.370262,2.25,0,0
"231","CZE",1994.25,1994,"Q2",0,1,0.370262,2,0,0
"232","CZE",1994.5,1994,"Q3",0,1,0.370262,1.75,0,0
"233","CZE",1994.75,1994,"Q4",0,1,0.370262,1.5,0,0
"234","CZE",1995,1995,"Q1",0,1,0.370262,1.25,0,0
"235","CZE",1995.25,1995,"Q2",0,1,0.370262,1,0,0
"236","CZE",1995.5,1995,"Q3",0,1,0.370262,0.75,0,0
"237","CZE",1995.75,1995,"Q4",0,1,0.370262,0.5,0,0
"238","CZE",1996,1996,"Q1",0,1,0.370262,0.25,0,0
"239","CZE",1996.25,1996,"Q2",0,1,0,4,0,1
"240","CZE",1996.5,1996,"Q3",0,1,0,3.75,0,0
"241","CZE",1996.75,1996,"Q4",0,1,0,3.5,0,0
"242","CZE",1997,1997,"Q1",0,1,0,3.25,0,0
"243","CZE",1997.25,1997,"Q2",0,1,0,3,0,0
"244","CZE",1997.5,1997,"Q3",0,1,0,2.75,0,0
"245","CZE",1997.75,1997,"Q4",0,1,0,2.5,0,0
"246","CZE",1998,1998,"Q1",0,1,0,2.25,0,0
"247","CZE",1998.25,1998,"Q2",1,3,0,4,1,1
"248","CZE",1998.5,1998,"Q3",1,3,0,3.75,0,0
"249","CZE",1998.75,1998,"Q4",1,3,0,3.5,0,0
"250","CZE",1999,1999,"Q1",1,3,0,3.25,0,0
"251","CZE",1999.25,1999,"Q2",1,3,0,3,0,0
"252","CZE",1999.5,1999,"Q3",1,3,0,2.75,0,0
"253","CZE",1999.75,1999,"Q4",1,3,0,2.5,0,0
"254","CZE",2000,2000,"Q1",1,3,0,2.25,0,0
"255","CZE",2000.25,2000,"Q2",1,3,0.429703,2,0,0
"256","CZE",2000.5,2000,"Q3",1,3,0.429703,1.75,0,0
"257","CZE",2000.75,2000,"Q4",1,3,0.429703,1.5,0,0
"258","CZE",2001,2001,"Q1",1,3,0.429703,1.25,0,0
"259","CZE",2001.25,2001,"Q2",1,3,0.429703,1,0,0
"260","CZE",2001.5,2001,"Q3",1,3,0.429703,0.75,0,0
"261","CZE",2001.75,2001,"Q4",1,3,0.429703,0.5,0,0
"262","CZE",2002,2002,"Q1",1,3,0.429703,0.25,0,0
"263","CZE",2002.25,2002,"Q2",1,3,0.429703,4,0,1
"264","CZE",2002.5,2002,"Q3",1,3,0.429703,3.75,0,0
"265","CZE",2002.75,2002,"Q4",1,3,0.429703,3.5,0,0
"266","CZE",2003,2003,"Q1",1,3,0.429703,3.25,0,0
"267","CZE",2003.25,2003,"Q2",1,3,0.429703,3,0,0
"268","CZE",2003.5,2003,"Q3",1,3,0.429703,2.75,0,0
"269","CZE",2003.75,2003,"Q4",1,3,0.429703,2.5,0,0
"270","CZE",2004,2004,"Q1",1,3,0.429703,2.25,0,0
"271","CZE",2004.25,2004,"Q2",1,3,0.326667,2,0,0
"272","CZE",2004.5,2004,"Q3",1,3,0.326667,1.75,0,0
"273","CZE",2004.75,2004,"Q4",1,3,0.326667,1.5,0,0
"274","CZE",2005,2005,"Q1",1,3,0.326667,1.25,0,0
"275","CZE",2005.25,2005,"Q2",1,3,0.326667,1,0,0
"276","CZE",2005.5,2005,"Q3",1,3,0.326667,0.75,0,0
"277","CZE",2005.75,2005,"Q4",1,3,0.326667,0.5,0,0
"278","CZE",2006,2006,"Q1",1,3,0.326667,0.25,0,0
"279","CZE",2006.25,2006,"Q2",0,0,0.326667,4,0,1
"280","CZE",2006.5,2006,"Q3",0,0,0.326667,3.75,0,0
"281","CZE",2006.75,2006,"Q4",0,0,0.326667,3.5,0,0
"282","CZE",2007,2007,"Q1",0,0,0.501094,3.25,0,0
"283","CZE",2007.25,2007,"Q2",0,0,0.501094,3,0,0
"284","CZE",2007.5,2007,"Q3",0,0,0.501094,2.75,0,0
"285","CZE",2007.75,2007,"Q4",0,0,0.501094,2.5,0,0
"286","CZE",2008,2008,"Q1",0,0,0.501094,2.25,0,0
"287","CZE",2008.25,2008,"Q2",0,0,0.501094,2,0,0
"288","CZE",2008.5,2008,"Q3",0,0,0.501094,1.75,0,0
"289","CZE",2008.75,2008,"Q4",0,0,0.501094,1.5,0,0
"290","CZE",2009,2009,"Q1",0,0,0.501094,1.25,0,0
"291","CZE",2009.25,2009,"Q2",0,0,0.501094,1,0,0
"292","CZE",2009.5,2009,"Q3",0,0,0.501094,0.75,0,0
"293","CZE",2009.75,2009,"Q4",0,0,0.501094,0.5,0,0
"294","CZE",2010,2010,"Q1",0,0,0.501094,0.25,0,0
"295","CZE",2010.25,2010,"Q2",0,0,0.501094,4,0,1
"296","CZE",2010.5,2010,"Q3",0,0,0.501094,3.75,0,0
"297","CZE",2010.75,2010,"Q4",0,0,0.501094,3.5,0,0
"298","CZE",2011,2011,"Q1",0,0,0.442125,3.25,0,0
"299","CZE",2011.25,2011,"Q2",0,0,0.442125,3,0,0
"300","CZE",2011.5,2011,"Q3",0,0,0.442125,2.75,0,0
"301","CZE",2011.75,2011,"Q4",0,0,0.442125,2.5,0,0
"302","CZE",2012,2012,"Q1",0,0,0.442125,2.25,0,0
"303","CZE",2012.25,2012,"Q2",0,0,0.442125,2,0,0
"304","CZE",2012.5,2012,"Q3",0,0,0.442125,1.75,0,0
"305","CZE",2012.75,2012,"Q4",0,0,0.442125,1.5,0,0
"306","DNK",1988.25,1988,"Q2",0,3,0.609724,4,0,1
"307","DNK",1988.5,1988,"Q3",0,3,0.609724,3.75,0,0
"308","DNK",1988.75,1988,"Q4",0,3,0.609724,3.5,0,0
"309","DNK",1989,1989,"Q1",0,3,0.609724,3.25,0,0
"310","DNK",1989.25,1989,"Q2",0,3,0.609724,3,0,0
"311","DNK",1989.5,1989,"Q3",0,3,0.609724,2.75,0,0
"312","DNK",1989.75,1989,"Q4",0,3,0.609724,2.5,0,0
"313","DNK",1990,1990,"Q1",0,3,0.609724,2.25,0,0
"314","DNK",1990.25,1990,"Q2",0,3,0.609724,2,0,0
"315","DNK",1990.5,1990,"Q3",0,3,0.609724,1.75,0,0
"316","DNK",1990.75,1990,"Q4",0,1,0.609724,4,1,1
"317","DNK",1991,1991,"Q1",0,1,0.609724,3.75,0,0
"318","DNK",1991.25,1991,"Q2",0,1,0.609724,3.5,0,0
"319","DNK",1991.5,1991,"Q3",0,1,0.609724,3.25,0,0
"320","DNK",1991.75,1991,"Q4",0,1,0.609724,3,0,0
"321","DNK",1992,1992,"Q1",0,1,0.609724,2.75,0,0
"322","DNK",1992.25,1992,"Q2",0,1,0.609724,2.5,0,0
"323","DNK",1992.5,1992,"Q3",0,1,0.609724,2.25,0,0
"324","DNK",1992.75,1992,"Q4",0,1,0.609724,2,0,0
"325","DNK",1993,1993,"Q1",0,1,0.609724,1.75,0,0
"326","DNK",1993.25,1993,"Q2",0,1,0.609724,1.5,0,0
"327","DNK",1993.5,1993,"Q3",0,1,0.609724,1.25,0,0
"328","DNK",1993.75,1993,"Q4",0,1,0.609724,1,0,0
"329","DNK",1994,1994,"Q1",0,1,0.609724,0.75,0,0
"330","DNK",1994.25,1994,"Q2",0,1,0.609724,0.5,0,0
"331","DNK",1994.5,1994,"Q3",1,3,0.384831,4,0,1
"332","DNK",1994.75,1994,"Q4",1,3,0.384831,3.75,0,0
"333","DNK",1995,1995,"Q1",1,3,0.384831,3.5,0,0
"334","DNK",1995.25,1995,"Q2",1,3,0.384831,3.25,0,0
"335","DNK",1995.5,1995,"Q3",1,3,0.384831,3,0,0
"336","DNK",1995.75,1995,"Q4",1,3,0.384831,2.75,0,0
"337","DNK",1996,1996,"Q1",1,3,0.384831,2.5,0,0
"338","DNK",1996.25,1996,"Q2",1,3,0.384831,2.25,0,0
"339","DNK",1996.5,1996,"Q3",1,3,0.384831,2,0,0
"340","DNK",1996.75,1996,"Q4",1,3,0.384831,1.75,0,0
"341","DNK",1997,1997,"Q1",1,3,0.384831,1.5,0,0
"342","DNK",1997.25,1997,"Q2",1,3,0.384831,1.25,0,0
"343","DNK",1997.5,1997,"Q3",1,3,0.384831,1,0,0
"344","DNK",1997.75,1997,"Q4",1,3,0.384831,0.75,0,0
"345","DNK",1998,1998,"Q1",1,3,0.44988,4,0,1
"346","DNK",1998.25,1998,"Q2",1,3,0.44988,3.75,0,0
"347","DNK",1998.5,1998,"Q3",1,3,0.44988,3.5,0,0
"348","DNK",1998.75,1998,"Q4",1,3,0.44988,3.25,0,0
"349","DNK",1999,1999,"Q1",1,3,0.44988,3,0,0
"350","DNK",1999.25,1999,"Q2",1,3,0.44988,2.75,0,0
"351","DNK",1999.5,1999,"Q3",1,3,0.44988,2.5,0,0
"352","DNK",1999.75,1999,"Q4",1,3,0.44988,2.25,0,0
"353","DNK",2000,2000,"Q1",1,3,0.44988,2,0,0
"354","DNK",2000.25,2000,"Q2",1,3,0.44988,1.75,0,0
"355","DNK",2000.5,2000,"Q3",1,3,0.44988,1.5,0,0
"356","DNK",2000.75,2000,"Q4",1,3,0.44988,1.25,0,0
"357","DNK",2001,2001,"Q1",1,3,0.44988,1,0,0
"358","DNK",2001.25,2001,"Q2",1,3,0.44988,0.75,0,0
"359","DNK",2001.5,2001,"Q3",1,3,0.44988,0.5,0,0
"360","DNK",2001.75,2001,"Q4",0,1,0.44988,4,0,1
"361","DNK",2002,2002,"Q1",0,1,0.44988,3.75,0,0
"362","DNK",2002.25,2002,"Q2",0,1,0.44988,3.5,0,0
"363","DNK",2002.5,2002,"Q3",0,1,0.44988,3.25,0,0
"364","DNK",2002.75,2002,"Q4",0,1,0.44988,3,0,0
"365","DNK",2003,2003,"Q1",0,1,0.44988,2.75,0,0
"366","DNK",2003.25,2003,"Q2",0,1,0.44988,2.5,0,0
"367","DNK",2003.5,2003,"Q3",0,1,0.44988,2.25,0,0
"368","DNK",2003.75,2003,"Q4",0,1,0.44988,2,0,0
"369","DNK",2004,2004,"Q1",0,1,0.44988,1.75,0,0
"370","DNK",2004.25,2004,"Q2",0,1,0.44988,1.5,0,0
"371","DNK",2004.5,2004,"Q3",0,1,0.44988,1.25,0,0
"372","DNK",2004.75,2004,"Q4",0,1,0.44988,1,0,0
"373","DNK",2005,2005,"Q1",0,1,0.350548,4,1,1
"374","DNK",2005.25,2005,"Q2",0,1,0.350548,3.75,0,0
"375","DNK",2005.5,2005,"Q3",0,1,0.350548,3.5,0,0
"376","DNK",2005.75,2005,"Q4",0,1,0.350548,3.25,0,0
"377","DNK",2006,2006,"Q1",0,1,0.350548,3,0,0
"378","DNK",2006.25,2006,"Q2",0,1,0.350548,2.75,0,0
"379","DNK",2006.5,2006,"Q3",0,1,0.350548,2.5,0,0
"380","DNK",2006.75,2006,"Q4",0,1,0.350548,2.25,0,0
"381","DNK",2007,2007,"Q1",0,1,0.350548,2,0,0
"382","DNK",2007.25,2007,"Q2",0,1,0.350548,1.75,0,0
"383","DNK",2007.5,2007,"Q3",0,1,0.350548,1.5,0,0
"384","DNK",2007.75,2007,"Q4",0,1,0.387578,4,1,1
"385","DNK",2008,2008,"Q1",0,1,0.387578,3.75,0,0
"386","DNK",2008.25,2008,"Q2",0,1,0.387578,3.5,0,0
"387","DNK",2008.5,2008,"Q3",0,1,0.387578,3.25,0,0
"388","DNK",2008.75,2008,"Q4",0,1,0.387578,3,0,0
"389","DNK",2009,2009,"Q1",0,1,0.387578,2.75,0,0
"390","DNK",2009.25,2009,"Q2",0,1,0.387578,2.5,0,0
"391","DNK",2009.5,2009,"Q3",0,1,0.387578,2.25,0,0
"392","DNK",2009.75,2009,"Q4",0,1,0.387578,2,0,0
"393","DNK",2010,2010,"Q1",0,1,0.387578,1.75,0,0
"394","DNK",2010.25,2010,"Q2",0,1,0.387578,1.5,0,0
"395","DNK",2010.5,2010,"Q3",0,1,0.387578,1.25,0,0
"396","DNK",2010.75,2010,"Q4",0,1,0.387578,1,0,0
"397","DNK",2011,2011,"Q1",0,1,0.387578,0.75,0,0
"398","DNK",2011.25,2011,"Q2",0,1,0.387578,0.5,0,0
"399","DNK",2011.5,2011,"Q3",1,3,0.62002,4,0,1
"400","DNK",2011.75,2011,"Q4",1,3,0.62002,3.75,0,0
"401","DNK",2012,2012,"Q1",1,3,0.62002,3.5,0,0
"402","DNK",2012.25,2012,"Q2",1,3,0.62002,3.25,0,0
"403","DNK",2012.5,2012,"Q3",1,3,0.62002,3,0,0
"404","DNK",2012.75,2012,"Q4",1,3,0.62002,2.75,0,0
"405","EST",1992.5,1992,"Q3",0,1,0.622532,4,0,1
"406","EST",1992.75,1992,"Q4",0,1,0.622532,3.75,0,0
"407","EST",1993,1993,"Q1",0,1,0.622532,3.5,0,0
"408","EST",1993.25,1993,"Q2",0,1,0.622532,3.25,0,0
"409","EST",1993.5,1993,"Q3",0,1,0.622532,3,0,0
"410","EST",1993.75,1993,"Q4",0,1,0.622532,2.75,0,0
"411","EST",1994,1994,"Q1",0,1,0.622532,2.5,0,0
"412","EST",1994.25,1994,"Q2",0,1,0.622532,2.25,0,0
"413","EST",1994.5,1994,"Q3",0,1,0.622532,2,0,0
"414","EST",1994.75,1994,"Q4",0,1,0.622532,1.75,0,0
"415","EST",1995,1995,"Q1",0,1,0.622532,4,1,1
"416","EST",1995.25,1995,"Q2",0,1,0.622532,3.75,0,0
"417","EST",1995.5,1995,"Q3",0,1,0.622532,3.5,0,0
"418","EST",1995.75,1995,"Q4",0,1,0.622532,3.25,0,0
"419","EST",1996,1996,"Q1",0,1,0.622532,3,0,0
"420","EST",1996.25,1996,"Q2",0,1,0.622532,2.75,0,0
"421","EST",1996.5,1996,"Q3",0,1,0,2.5,0,0
"422","EST",1996.75,1996,"Q4",0,1,0,2.25,0,0
"423","EST",1997,1997,"Q1",0,1,0,2,0,0
"424","EST",1997.25,1997,"Q2",0,1,0,1.75,0,0
"425","EST",1997.5,1997,"Q3",0,1,0,1.5,0,0
"426","EST",1997.75,1997,"Q4",0,1,0,1.25,0,0
"427","EST",1998,1998,"Q1",0,1,0,1,0,0
"428","EST",1998.25,1998,"Q2",0,1,0,0.75,0,0
"429","EST",1998.5,1998,"Q3",0,1,0,0.5,0,0
"430","EST",1998.75,1998,"Q4",0,1,0,0.25,0,0
"431","EST",1999,1999,"Q1",0,1,0,4,0,1
"432","EST",1999.25,1999,"Q2",0,1,0,3.75,0,0
"433","EST",1999.5,1999,"Q3",0,1,0,3.5,0,0
"434","EST",1999.75,1999,"Q4",0,1,0,3.25,0,0
"435","EST",2000,2000,"Q1",0,1,0,3,0,0
"436","EST",2000.25,2000,"Q2",0,1,0,2.75,0,0
"437","EST",2000.5,2000,"Q3",0,1,0.486957,2.5,0,0
"438","EST",2000.75,2000,"Q4",0,1,0.486957,2.25,0,0
"439","EST",2001,2001,"Q1",0,1,0.486957,2,0,0
"440","EST",2001.25,2001,"Q2",0,1,0.486957,1.75,0,0
"441","EST",2001.5,2001,"Q3",0,1,0.486957,1.5,0,0
"442","EST",2001.75,2001,"Q4",0,1,0.486957,1.25,0,0
"443","EST",2002,2002,"Q1",0,1,0.486957,1,0,0
"444","EST",2002.25,2002,"Q2",0,1,0.486957,0.75,0,0
"445","EST",2002.5,2002,"Q3",0,1,0.486957,0.5,0,0
"446","EST",2002.75,2002,"Q4",0,1,0.486957,0.25,0,0
"447","EST",2003,2003,"Q1",0,0,0.486957,4,0,1
"448","EST",2003.25,2003,"Q2",0,0,0.486957,3.75,0,0
"449","EST",2003.5,2003,"Q3",0,0,0.486957,3.5,0,0
"450","EST",2003.75,2003,"Q4",0,0,0.486957,3.25,0,0
"451","EST",2004,2004,"Q1",0,0,0.486957,3,0,0
"452","EST",2004.25,2004,"Q2",0,0,0.486957,2.75,0,0
"453","EST",2004.5,2004,"Q3",0,0,0.645763,2.5,0,0
"454","EST",2004.75,2004,"Q4",0,0,0.645763,2.25,0,0
"455","EST",2005,2005,"Q1",0,0,0.645763,2,0,0
"456","EST",2005.25,2005,"Q2",0,0,0.645763,1.75,0,0
"457","EST",2005.5,2005,"Q3",0,0,0.645763,1.5,0,0
"458","EST",2005.75,2005,"Q4",0,0,0.645763,1.25,0,0
"459","EST",2006,2006,"Q1",0,0,0.645763,1,0,0
"460","EST",2006.25,2006,"Q2",0,0,0.645763,0.75,0,0
"461","EST",2006.5,2006,"Q3",0,0,0.645763,0.5,0,0
"462","EST",2006.75,2006,"Q4",0,0,0.645763,0.25,0,0
"463","EST",2007,2007,"Q1",0,0,0.645763,4,0,1
"464","EST",2007.25,2007,"Q2",0,0,0.645763,3.75,0,0
"465","EST",2007.5,2007,"Q3",0,0,0.645763,3.5,0,0
"466","EST",2007.75,2007,"Q4",0,0,0.645763,3.25,0,0
"467","EST",2008,2008,"Q1",0,0,0.645763,3,0,0
"468","EST",2008.25,2008,"Q2",0,0,0.645763,2.75,0,0
"469","EST",2008.5,2008,"Q3",0,0,0.615254,2.5,0,0
"470","EST",2008.75,2008,"Q4",0,0,0.615254,2.25,0,0
"471","EST",2009,2009,"Q1",0,0,0.615254,2,0,0
"472","EST",2009.25,2009,"Q2",0,0,0.615254,1.75,0,0
"473","EST",2009.5,2009,"Q3",0,0,0.615254,1.5,0,0
"474","EST",2009.75,2009,"Q4",0,0,0.615254,1.25,0,0
"475","EST",2010,2010,"Q1",0,0,0.615254,1,0,0
"476","EST",2010.25,2010,"Q2",0,0,0.615254,0.75,0,0
"477","EST",2010.5,2010,"Q3",0,0,0.622532,0.5,0,0
"478","EST",2010.75,2010,"Q4",0,0,0.622532,0.25,0,0
"479","EST",2011,2011,"Q1",0,0,0.622532,4,0,1
"480","EST",2011.25,2011,"Q2",0,0,0.622532,3.75,0,0
"481","EST",2011.5,2011,"Q3",0,0,0.622532,3.5,0,0
"482","EST",2011.75,2011,"Q4",0,0,0.622532,3.25,0,0
"483","EST",2012,2012,"Q1",0,0,0.622532,3,0,0
"484","EST",2012.25,2012,"Q2",0,0,0.622532,2.75,0,0
"485","EST",2012.5,2012,"Q3",0,0,0.622532,2.5,0,0
"486","EST",2012.75,2012,"Q4",0,0,0.622532,2.25,0,0
"487","FIN",1987,1987,"Q1",0,2,0.664002,4,0,1
"488","FIN",1987.25,1987,"Q2",0,2,0.664002,3.75,0,0
"489","FIN",1987.5,1987,"Q3",0,2,0.664002,3.5,0,0
"490","FIN",1987.75,1987,"Q4",0,2,0.664002,3.25,0,0
"491","FIN",1988,1988,"Q1",0,2,0.664002,3,0,0
"492","FIN",1988.25,1988,"Q2",0,2,0.664002,2.75,0,0
"493","FIN",1988.5,1988,"Q3",0,2,0.664002,2.5,0,0
"494","FIN",1988.75,1988,"Q4",0,2,0.664002,2.25,0,0
"495","FIN",1989,1989,"Q1",0,2,0.664002,2,0,0
"496","FIN",1989.25,1989,"Q2",0,2,0.664002,1.75,0,0
"497","FIN",1989.5,1989,"Q3",0,2,0.664002,1.5,0,0
"498","FIN",1989.75,1989,"Q4",0,2,0.664002,1.25,0,0
"499","FIN",1990,1990,"Q1",0,2,0.664002,1,0,0
"500","FIN",1990.25,1990,"Q2",0,2,0.664002,0.75,0,0
"501","FIN",1990.5,1990,"Q3",0,2,0.664002,0.5,0,0
"502","FIN",1990.75,1990,"Q4",0,2,0.664002,0.25,0,0
"503","FIN",1991,1991,"Q1",0,2,0.596573,4,0,1
"504","FIN",1991.25,1991,"Q2",0,2,0.596573,3.75,0,0
"505","FIN",1991.5,1991,"Q3",0,2,0.596573,3.5,0,0
"506","FIN",1991.75,1991,"Q4",0,2,0.596573,3.25,0,0
"507","FIN",1992,1992,"Q1",0,2,0.596573,3,0,0
"508","FIN",1992.25,1992,"Q2",0,2,0.596573,2.75,0,0
"509","FIN",1992.5,1992,"Q3",0,2,0.596573,2.5,0,0
"510","FIN",1992.75,1992,"Q4",0,2,0.596573,2.25,0,0
"511","FIN",1993,1993,"Q1",0,2,0.596573,2,0,0
"512","FIN",1993.25,1993,"Q2",0,2,0.596573,1.75,0,0
"513","FIN",1993.5,1993,"Q3",0,2,0.596573,1.5,0,0
"514","FIN",1993.75,1993,"Q4",0,2,0.596573,1.25,0,0
"515","FIN",1994,1994,"Q1",0,2,0.596573,1,0,0
"516","FIN",1994.25,1994,"Q2",0,2,0.596573,0.75,0,0
"517","FIN",1994.5,1994,"Q3",0,2,0.596573,0.5,0,0
"518","FIN",1994.75,1994,"Q4",0,2,0.596573,0.25,0,0
"519","FIN",1995,1995,"Q1",1,3,0.596573,4,0,1
"520","FIN",1995.25,1995,"Q2",1,3,0.596573,3.75,0,0
"521","FIN",1995.5,1995,"Q3",1,3,0.596573,3.5,0,0
"522","FIN",1995.75,1995,"Q4",1,3,0.596573,3.25,0,0
"523","FIN",1996,1996,"Q1",1,3,0.596573,3,0,0
"524","FIN",1996.25,1996,"Q2",1,3,0.596573,2.75,0,0
"525","FIN",1996.5,1996,"Q3",1,3,0.596573,2.5,0,0
"526","FIN",1996.75,1996,"Q4",1,3,0.596573,2.25,0,0
"527","FIN",1997,1997,"Q1",1,3,0.596573,2,0,0
"528","FIN",1997.25,1997,"Q2",1,3,0.596573,1.75,0,0
"529","FIN",1997.5,1997,"Q3",1,3,0.596573,1.5,0,0
"530","FIN",1997.75,1997,"Q4",1,3,0.596573,1.25,0,0
"531","FIN",1998,1998,"Q1",1,3,0.596573,1,0,0
"532","FIN",1998.25,1998,"Q2",1,3,0.596573,0.75,0,0
"533","FIN",1998.5,1998,"Q3",1,3,0.596573,0.5,0,0
"534","FIN",1998.75,1998,"Q4",1,3,0.596573,0.25,0,0
"535","FIN",1999,1999,"Q1",1,3,0.717084,4,0,1
"536","FIN",1999.25,1999,"Q2",1,3,0.717084,3.75,0,0
"537","FIN",1999.5,1999,"Q3",1,3,0.717084,3.5,0,0
"538","FIN",1999.75,1999,"Q4",1,3,0.717084,3.25,0,0
"539","FIN",2000,2000,"Q1",1,3,0.717084,3,0,0
"540","FIN",2000.25,2000,"Q2",1,3,0.717084,2.75,0,0
"541","FIN",2000.5,2000,"Q3",1,3,0.717084,2.5,0,0
"542","FIN",2000.75,2000,"Q4",1,3,0.717084,2.25,0,0
"543","FIN",2001,2001,"Q1",1,3,0.717084,2,0,0
"544","FIN",2001.25,2001,"Q2",1,3,0.717084,1.75,0,0
"545","FIN",2001.5,2001,"Q3",1,3,0.717084,1.5,0,0
"546","FIN",2001.75,2001,"Q4",1,3,0.717084,1.25,0,0
"547","FIN",2002,2002,"Q1",1,3,0.717084,1,0,0
"548","FIN",2002.25,2002,"Q2",1,3,0.717084,0.75,0,0
"549","FIN",2002.5,2002,"Q3",1,3,0.717084,0.5,0,0
"550","FIN",2002.75,2002,"Q4",1,3,0.717084,0.25,0,0
"551","FIN",2003,2003,"Q1",0,2,0.572797,4,0,1
"552","FIN",2003.25,2003,"Q2",0,2,0.572797,3.75,0,0
"553","FIN",2003.5,2003,"Q3",0,2,0.572797,3.5,0,0
"554","FIN",2003.75,2003,"Q4",0,2,0.572797,3.25,0,0
"555","FIN",2004,2004,"Q1",0,2,0.572797,3,0,0
"556","FIN",2004.25,2004,"Q2",0,2,0.572797,2.75,0,0
"557","FIN",2004.5,2004,"Q3",0,2,0.572797,2.5,0,0
"558","FIN",2004.75,2004,"Q4",0,2,0.572797,2.25,0,0
"559","FIN",2005,2005,"Q1",0,2,0.572797,2,0,0
"560","FIN",2005.25,2005,"Q2",0,2,0.572797,1.75,0,0
"561","FIN",2005.5,2005,"Q3",0,2,0.572797,1.5,0,0
"562","FIN",2005.75,2005,"Q4",0,2,0.572797,1.25,0,0
"563","FIN",2006,2006,"Q1",0,2,0.572797,1,0,0
"564","FIN",2006.25,2006,"Q2",0,2,0.572797,0.75,0,0
"565","FIN",2006.5,2006,"Q3",0,2,0.572797,0.5,0,0
"566","FIN",2006.75,2006,"Q4",0,2,0.572797,0.25,0,0
"567","FIN",2007,2007,"Q1",0,2,0.572797,4,0,1
"568","FIN",2007.25,2007,"Q2",0,2,0.572797,3.75,0,0
"569","FIN",2007.5,2007,"Q3",0,2,0.572797,3.5,0,0
"570","FIN",2007.75,2007,"Q4",0,2,0.572797,3.25,0,0
"571","FIN",2008,2008,"Q1",0,2,0.572797,3,0,0
"572","FIN",2008.25,2008,"Q2",0,2,0.572797,2.75,0,0
"573","FIN",2008.5,2008,"Q3",0,2,0.572797,2.5,0,0
"574","FIN",2008.75,2008,"Q4",0,2,0.572797,2.25,0,0
"575","FIN",2009,2009,"Q1",0,2,0.572797,2,0,0
"576","FIN",2009.25,2009,"Q2",0,2,0.572797,1.75,0,0
"577","FIN",2009.5,2009,"Q3",0,2,0.572797,1.5,0,0
"578","FIN",2009.75,2009,"Q4",0,2,0.572797,1.25,0,0
"579","FIN",2010,2010,"Q1",0,2,0.572797,1,0,0
"580","FIN",2010.25,2010,"Q2",0,2,0.572797,0.75,0,0
"581","FIN",2010.5,2010,"Q3",0,2,0.572797,0.5,0,0
"582","FIN",2010.75,2010,"Q4",0,2,0.572797,0.25,0,0
"583","FIN",2011,2011,"Q1",0,2,0.572797,0,0,0
"584","FIN",2011.25,2011,"Q2",0,1,0.659226,4,0,1
"585","FIN",2011.5,2011,"Q3",0,1,0.659226,3.75,0,0
"586","FIN",2011.75,2011,"Q4",0,1,0.659226,3.5,0,0
"587","FIN",2012,2012,"Q1",0,1,0.659226,3.25,0,0
"588","FIN",2012.25,2012,"Q2",0,1,0.659226,3,0,0
"589","FIN",2012.5,2012,"Q3",0,1,0.659226,2.75,0,0
"590","FIN",2012.75,2012,"Q4",0,1,0.659226,2.5,0,0
"591","FRA",1988.25,1988,"Q2",1,3,0.631088,5,0,1
"592","FRA",1988.5,1988,"Q3",1,3,0.631088,4.75,0,0
"593","FRA",1988.75,1988,"Q4",1,3,0.631088,4.5,0,0
"594","FRA",1989,1989,"Q1",1,3,0.631088,4.25,0,0
"595","FRA",1989.25,1989,"Q2",1,3,0.631088,4,0,0
"596","FRA",1989.5,1989,"Q3",1,3,0.631088,3.75,0,0
"597","FRA",1989.75,1989,"Q4",1,3,0.631088,3.5,0,0
"598","FRA",1990,1990,"Q1",1,3,0.631088,3.25,0,0
"599","FRA",1990.25,1990,"Q2",1,3,0.631088,3,0,0
"600","FRA",1990.5,1990,"Q3",1,3,0.631088,2.75,0,0
"601","FRA",1990.75,1990,"Q4",1,3,0.631088,2.5,0,0
"602","FRA",1991,1991,"Q1",1,3,0.631088,2.25,0,0
"603","FRA",1991.25,1991,"Q2",1,3,0.631088,2,0,0
"604","FRA",1991.5,1991,"Q3",1,3,0.631088,1.75,0,0
"605","FRA",1991.75,1991,"Q4",1,3,0.631088,1.5,0,0
"606","FRA",1992,1992,"Q1",1,3,0.631088,1.25,0,0
"607","FRA",1992.25,1992,"Q2",1,3,0.631088,1,0,0
"608","FRA",1992.5,1992,"Q3",1,3,0.631088,0.75,0,0
"609","FRA",1992.75,1992,"Q4",1,3,0.631088,0.5,0,0
"610","FRA",1993,1993,"Q1",0,1,0.09152,5,0,1
"611","FRA",1993.25,1993,"Q2",0,1,0.09152,4.75,0,0
"612","FRA",1993.5,1993,"Q3",0,1,0.09152,4.5,0,0
"613","FRA",1993.75,1993,"Q4",0,1,0.09152,4.25,0,0
"614","FRA",1994,1994,"Q1",0,1,0.09152,4,0,0
"615","FRA",1994.25,1994,"Q2",0,1,0.09152,3.75,0,0
"616","FRA",1994.5,1994,"Q3",0,1,0.09152,3.5,0,0
"617","FRA",1994.75,1994,"Q4",0,1,0.09152,3.25,0,0
"618","FRA",1995,1995,"Q1",0,1,0.09152,3,0,0
"619","FRA",1995.25,1995,"Q2",0,1,0.09152,2.75,0,0
"620","FRA",1995.5,1995,"Q3",0,1,0.09152,2.5,0,0
"621","FRA",1995.75,1995,"Q4",0,1,0.09152,2.25,0,0
"622","FRA",1996,1996,"Q1",0,1,0.09152,2,0,0
"623","FRA",1996.25,1996,"Q2",0,1,0.09152,1.75,0,0
"624","FRA",1996.5,1996,"Q3",0,1,0.09152,1.5,0,0
"625","FRA",1996.75,1996,"Q4",0,1,0.09152,1.25,0,0
"626","FRA",1997,1997,"Q1",0,1,0.09152,1,0,0
"627","FRA",1997.25,1997,"Q2",1,3,0.498352,5,1,1
"628","FRA",1997.5,1997,"Q3",1,3,0.498352,4.75,0,0
"629","FRA",1997.75,1997,"Q4",1,3,0.498352,4.5,0,0
"630","FRA",1998,1998,"Q1",1,3,0.498352,4.25,0,0
"631","FRA",1998.25,1998,"Q2",1,3,0.498352,4,0,0
"632","FRA",1998.5,1998,"Q3",1,3,0.498352,3.75,0,0
"633","FRA",1998.75,1998,"Q4",1,3,0.498352,3.5,0,0
"634","FRA",1999,1999,"Q1",1,3,0.498352,3.25,0,0
"635","FRA",1999.25,1999,"Q2",1,3,0.498352,3,0,0
"636","FRA",1999.5,1999,"Q3",1,3,0.498352,2.75,0,0
"637","FRA",1999.75,1999,"Q4",1,3,0.498352,2.5,0,0
"638","FRA",2000,2000,"Q1",1,3,0.498352,2.25,0,0
"639","FRA",2000.25,2000,"Q2",1,3,0.498352,2,0,0
"640","FRA",2000.5,2000,"Q3",1,3,0.498352,1.75,0,0
"641","FRA",2000.75,2000,"Q4",1,3,0.498352,1.5,0,0
"642","FRA",2001,2001,"Q1",1,3,0.498352,1.25,0,0
"643","FRA",2001.25,2001,"Q2",1,3,0.498352,1,0,0
"644","FRA",2001.5,2001,"Q3",1,3,0.498352,0.75,0,0
"645","FRA",2001.75,2001,"Q4",1,3,0.498352,0.5,0,0
"646","FRA",2002,2002,"Q1",1,3,0.498352,0.25,0,0
"647","FRA",2002.25,2002,"Q2",0,1,0.414661,5,0,1
"648","FRA",2002.5,2002,"Q3",0,1,0.414661,4.75,0,0
"649","FRA",2002.75,2002,"Q4",0,1,0.414661,4.5,0,0
"650","FRA",2003,2003,"Q1",0,1,0.414661,4.25,0,0
"651","FRA",2003.25,2003,"Q2",0,1,0.414661,4,0,0
"652","FRA",2003.5,2003,"Q3",0,1,0.414661,3.75,0,0
"653","FRA",2003.75,2003,"Q4",0,1,0.414661,3.5,0,0
"654","FRA",2004,2004,"Q1",0,1,0.414661,3.25,0,0
"655","FRA",2004.25,2004,"Q2",0,1,0.414661,3,0,0
"656","FRA",2004.5,2004,"Q3",0,1,0.414661,2.75,0,0
"657","FRA",2004.75,2004,"Q4",0,1,0.414661,2.5,0,0
"658","FRA",2005,2005,"Q1",0,1,0.414661,2.25,0,0
"659","FRA",2005.25,2005,"Q2",0,1,0.414661,2,0,0
"660","FRA",2005.5,2005,"Q3",0,1,0.414661,1.75,0,0
"661","FRA",2005.75,2005,"Q4",0,1,0.414661,1.5,0,0
"662","FRA",2006,2006,"Q1",0,1,0.414661,1.25,0,0
"663","FRA",2006.25,2006,"Q2",0,1,0.414661,1,0,0
"664","FRA",2006.5,2006,"Q3",0,1,0.414661,0.75,0,0
"665","FRA",2006.75,2006,"Q4",0,1,0.414661,0.5,0,0
"666","FRA",2007,2007,"Q1",0,1,0.414661,0.25,0,0
"667","FRA",2007.25,2007,"Q2",0,1,0.139999,5,0,1
"668","FRA",2007.5,2007,"Q3",0,1,0.139999,4.75,0,0
"669","FRA",2007.75,2007,"Q4",0,1,0.139999,4.5,0,0
"670","FRA",2008,2008,"Q1",0,1,0.139999,4.25,0,0
"671","FRA",2008.25,2008,"Q2",0,1,0.139999,4,0,0
"672","FRA",2008.5,2008,"Q3",0,1,0.139999,3.75,0,0
"673","FRA",2008.75,2008,"Q4",0,1,0.139999,3.5,0,0
"674","FRA",2009,2009,"Q1",0,1,0.139999,3.25,0,0
"675","FRA",2009.25,2009,"Q2",0,1,0.139999,3,0,0
"676","FRA",2009.5,2009,"Q3",0,1,0.139999,2.75,0,0
"677","FRA",2009.75,2009,"Q4",0,1,0.139999,2.5,0,0
"678","FRA",2010,2010,"Q1",0,1,0.139999,2.25,0,0
"679","FRA",2010.25,2010,"Q2",0,1,0.139999,2,0,0
"680","FRA",2010.5,2010,"Q3",0,1,0.139999,1.75,0,0
"681","FRA",2010.75,2010,"Q4",0,1,0.139999,1.5,0,0
"682","FRA",2011,2011,"Q1",0,1,0.139999,1.25,0,0
"683","FRA",2011.25,2011,"Q2",0,1,0.139999,1,0,0
"684","FRA",2011.5,2011,"Q3",0,1,0.139999,0.75,0,0
"685","FRA",2011.75,2011,"Q4",0,1,0.139999,0.5,0,0
"686","FRA",2012,2012,"Q1",0,1,0.139999,0.25,0,0
"687","FRA",2012.25,2012,"Q2",1,3,0.123085,5,0,1
"688","FRA",2012.5,2012,"Q3",1,3,0.123085,4.75,0,0
"689","FRA",2012.75,2012,"Q4",1,3,0.123085,4.5,0,0
"690","GBR",1987.25,1987,"Q2",0,1,0,5,0,1
"691","GBR",1987.5,1987,"Q3",0,1,0,4.75,0,0
"692","GBR",1987.75,1987,"Q4",0,1,0,4.5,0,0
"693","GBR",1988,1988,"Q1",0,1,0,4.25,0,0
"694","GBR",1988.25,1988,"Q2",0,1,0,4,0,0
"695","GBR",1988.5,1988,"Q3",0,1,0,3.75,0,0
"696","GBR",1988.75,1988,"Q4",0,1,0,3.5,0,0
"697","GBR",1989,1989,"Q1",0,1,0,3.25,0,0
"698","GBR",1989.25,1989,"Q2",0,1,0,3,0,0
"699","GBR",1989.5,1989,"Q3",0,1,0,2.75,0,0
"700","GBR",1989.75,1989,"Q4",0,1,0,2.5,0,0
"701","GBR",1990,1990,"Q1",0,1,0,2.25,0,0
"702","GBR",1990.25,1990,"Q2",0,1,0,2,0,0
"703","GBR",1990.5,1990,"Q3",0,1,0,1.75,0,0
"704","GBR",1990.75,1990,"Q4",0,1,0,1.5,0,0
"705","GBR",1991,1991,"Q1",0,1,0,1.25,0,0
"706","GBR",1991.25,1991,"Q2",0,1,0,1,0,0
"707","GBR",1991.5,1991,"Q3",0,1,0,0.75,0,0
"708","GBR",1991.75,1991,"Q4",0,1,0,0.5,0,0
"709","GBR",1992,1992,"Q1",0,1,0,0.25,0,0
"710","GBR",1992.25,1992,"Q2",0,1,0,5,0,1
"711","GBR",1992.5,1992,"Q3",0,1,0,4.75,0,0
"712","GBR",1992.75,1992,"Q4",0,1,0,4.5,0,0
"713","GBR",1993,1993,"Q1",0,1,0,4.25,0,0
"714","GBR",1993.25,1993,"Q2",0,1,0,4,0,0
"715","GBR",1993.5,1993,"Q3",0,1,0,3.75,0,0
"716","GBR",1993.75,1993,"Q4",0,1,0,3.5,0,0
"717","GBR",1994,1994,"Q1",0,1,0,3.25,0,0
"718","GBR",1994.25,1994,"Q2",0,1,0,3,0,0
"719","GBR",1994.5,1994,"Q3",0,1,0,2.75,0,0
"720","GBR",1994.75,1994,"Q4",0,1,0,2.5,0,0
"721","GBR",1995,1995,"Q1",0,1,0,2.25,0,0
"722","GBR",1995.25,1995,"Q2",0,1,0,2,0,0
"723","GBR",1995.5,1995,"Q3",0,1,0,1.75,0,0
"724","GBR",1995.75,1995,"Q4",0,1,0,1.5,0,0
"725","GBR",1996,1996,"Q1",0,1,0,1.25,0,0
"726","GBR",1996.25,1996,"Q2",0,1,0,1,0,0
"727","GBR",1996.5,1996,"Q3",0,1,0,0.75,0,0
"728","GBR",1996.75,1996,"Q4",0,1,0,0.5,0,0
"729","GBR",1997,1997,"Q1",0,1,0,0.25,0,0
"730","GBR",1997.25,1997,"Q2",1,3,0,5,0,1
"731","GBR",1997.5,1997,"Q3",1,3,0,4.75,0,0
"732","GBR",1997.75,1997,"Q4",1,3,0,4.5,0,0
"733","GBR",1998,1998,"Q1",1,3,0,4.25,0,0
"734","GBR",1998.25,1998,"Q2",1,3,0,4,0,0
"735","GBR",1998.5,1998,"Q3",1,3,0,3.75,0,0
"736","GBR",1998.75,1998,"Q4",1,3,0,3.5,0,0
"737","GBR",1999,1999,"Q1",1,3,0,3.25,0,0
"738","GBR",1999.25,1999,"Q2",1,3,0,3,0,0
"739","GBR",1999.5,1999,"Q3",1,3,0,2.75,0,0
"740","GBR",1999.75,1999,"Q4",1,3,0,2.5,0,0
"741","GBR",2000,2000,"Q1",1,3,0,2.25,0,0
"742","GBR",2000.25,2000,"Q2",1,3,0,2,0,0
"743","GBR",2000.5,2000,"Q3",1,3,0,1.75,0,0
"744","GBR",2000.75,2000,"Q4",1,3,0,1.5,0,0
"745","GBR",2001,2001,"Q1",1,3,0,1.25,0,0
"746","GBR",2001.25,2001,"Q2",1,3,0,5,1,1
"747","GBR",2001.5,2001,"Q3",1,3,0,4.75,0,0
"748","GBR",2001.75,2001,"Q4",1,3,0,4.5,0,0
"749","GBR",2002,2002,"Q1",1,3,0,4.25,0,0
"750","GBR",2002.25,2002,"Q2",1,3,0,4,0,0
"751","GBR",2002.5,2002,"Q3",1,3,0,3.75,0,0
"752","GBR",2002.75,2002,"Q4",1,3,0,3.5,0,0
"753","GBR",2003,2003,"Q1",1,3,0,3.25,0,0
"754","GBR",2003.25,2003,"Q2",1,3,0,3,0,0
"755","GBR",2003.5,2003,"Q3",1,3,0,2.75,0,0
"756","GBR",2003.75,2003,"Q4",1,3,0,2.5,0,0
"757","GBR",2004,2004,"Q1",1,3,0,2.25,0,0
"758","GBR",2004.25,2004,"Q2",1,3,0,2,0,0
"759","GBR",2004.5,2004,"Q3",1,3,0,1.75,0,0
"760","GBR",2004.75,2004,"Q4",1,3,0,1.5,0,0
"761","GBR",2005,2005,"Q1",1,3,0,1.25,0,0
"762","GBR",2005.25,2005,"Q2",1,3,0,5,1,1
"763","GBR",2005.5,2005,"Q3",1,3,0,4.75,0,0
"764","GBR",2005.75,2005,"Q4",1,3,0,4.5,0,0
"765","GBR",2006,2006,"Q1",1,3,0,4.25,0,0
"766","GBR",2006.25,2006,"Q2",1,3,0,4,0,0
"767","GBR",2006.5,2006,"Q3",1,3,0,3.75,0,0
"768","GBR",2006.75,2006,"Q4",1,3,0,3.5,0,0
"769","GBR",2007,2007,"Q1",1,3,0,3.25,0,0
"770","GBR",2007.25,2007,"Q2",1,3,0,3,0,0
"771","GBR",2007.5,2007,"Q3",1,3,0,2.75,0,0
"772","GBR",2007.75,2007,"Q4",1,3,0,2.5,0,0
"773","GBR",2008,2008,"Q1",1,3,0,2.25,0,0
"774","GBR",2008.25,2008,"Q2",1,3,0,2,0,0
"775","GBR",2008.5,2008,"Q3",1,3,0,1.75,0,0
"776","GBR",2008.75,2008,"Q4",1,3,0,1.5,0,0
"777","GBR",2009,2009,"Q1",1,3,0,1.25,0,0
"778","GBR",2009.25,2009,"Q2",1,3,0,1,0,0
"779","GBR",2009.5,2009,"Q3",1,3,0,0.75,0,0
"780","GBR",2009.75,2009,"Q4",1,3,0,0.5,0,0
"781","GBR",2010,2010,"Q1",1,3,0,0.25,0,0
"782","GBR",2010.25,2010,"Q2",0,1,0,5,0,1
"783","GBR",2010.5,2010,"Q3",0,1,0,4.75,0,0
"784","GBR",2010.75,2010,"Q4",0,1,0,4.5,0,0
"785","GBR",2011,2011,"Q1",0,1,0,4.25,0,0
"786","GBR",2011.25,2011,"Q2",0,1,0,4,0,0
"787","GBR",2011.5,2011,"Q3",0,1,0,3.75,0,0
"788","GBR",2011.75,2011,"Q4",0,1,0,3.5,0,0
"789","GBR",2012,2012,"Q1",0,1,0,3.25,0,0
"790","GBR",2012.25,2012,"Q2",0,1,0,3,0,0
"791","GBR",2012.5,2012,"Q3",0,1,0,2.75,0,0
"792","GBR",2012.75,2012,"Q4",0,1,0,2.5,0,0
"793","HUN",1985.25,1985,"Q2",1,3,0,5,0,1
"794","HUN",1985.5,1985,"Q3",1,3,0,4.75,0,0
"795","HUN",1985.75,1985,"Q4",1,3,0,4.5,0,0
"796","HUN",1986,1986,"Q1",1,3,0,4.25,0,0
"797","HUN",1986.25,1986,"Q2",1,3,0,4,0,0
"798","HUN",1986.5,1986,"Q3",1,3,0,3.75,0,0
"799","HUN",1986.75,1986,"Q4",1,3,0,3.5,0,0
"800","HUN",1987,1987,"Q1",1,3,0,3.25,0,0
"801","HUN",1987.25,1987,"Q2",1,3,0,3,0,0
"802","HUN",1987.5,1987,"Q3",1,3,0,2.75,0,0
"803","HUN",1987.75,1987,"Q4",1,3,0,2.5,0,0
"804","HUN",1988,1988,"Q1",1,3,0,2.25,0,0
"805","HUN",1988.25,1988,"Q2",1,3,0,2,0,0
"806","HUN",1988.5,1988,"Q3",1,3,0,1.75,0,0
"807","HUN",1988.75,1988,"Q4",1,3,0,1.5,0,0
"808","HUN",1989,1989,"Q1",1,3,0,1.25,0,0
"809","HUN",1989.25,1989,"Q2",1,3,0,1,0,0
"810","HUN",1989.5,1989,"Q3",1,3,0,0.75,0,0
"811","HUN",1989.75,1989,"Q4",1,3,0,0.5,0,0
"812","HUN",1990,1990,"Q1",1,3,0,0.25,0,0
"813","HUN",1990.25,1990,"Q2",0,1,0,4,0,1
"814","HUN",1990.5,1990,"Q3",0,1,0,3.75,0,0
"815","HUN",1990.75,1990,"Q4",0,1,0,3.5,0,0
"816","HUN",1991,1991,"Q1",0,1,0,3.25,0,0
"817","HUN",1991.25,1991,"Q2",0,1,0,3,0,0
"818","HUN",1991.5,1991,"Q3",0,1,0,2.75,0,0
"819","HUN",1991.75,1991,"Q4",0,1,0,2.5,0,0
"820","HUN",1992,1992,"Q1",0,1,0,2.25,0,0
"821","HUN",1992.25,1992,"Q2",0,1,0,2,0,0
"822","HUN",1992.5,1992,"Q3",0,1,0,1.75,0,0
"823","HUN",1992.75,1992,"Q4",0,1,0,1.5,0,0
"824","HUN",1993,1993,"Q1",0,1,0,1.25,0,0
"825","HUN",1993.25,1993,"Q2",0,1,0,1,0,0
"826","HUN",1993.5,1993,"Q3",0,1,0,0.75,0,0
"827","HUN",1993.75,1993,"Q4",0,1,0,0.5,0,0
"828","HUN",1994,1994,"Q1",0,1,0,0.25,0,0
"829","HUN",1994.25,1994,"Q2",1,3,0.402287,4,0,1
"830","HUN",1994.5,1994,"Q3",1,3,0.402287,3.75,0,0
"831","HUN",1994.75,1994,"Q4",1,3,0.402287,3.5,0,0
"832","HUN",1995,1995,"Q1",1,3,0.402287,3.25,0,0
"833","HUN",1995.25,1995,"Q2",1,3,0.402287,3,0,0
"834","HUN",1995.5,1995,"Q3",1,3,0.402287,2.75,0,0
"835","HUN",1995.75,1995,"Q4",1,3,0.402287,2.5,0,0
"836","HUN",1996,1996,"Q1",1,3,0.402287,2.25,0,0
"837","HUN",1996.25,1996,"Q2",1,3,0.402287,2,0,0
"838","HUN",1996.5,1996,"Q3",1,3,0.402287,1.75,0,0
"839","HUN",1996.75,1996,"Q4",1,3,0.402287,1.5,0,0
"840","HUN",1997,1997,"Q1",1,3,0.402287,1.25,0,0
"841","HUN",1997.25,1997,"Q2",1,3,0.402287,1,0,0
"842","HUN",1997.5,1997,"Q3",1,3,0.402287,0.75,0,0
"843","HUN",1997.75,1997,"Q4",1,3,0.402287,0.5,0,0
"844","HUN",1998,1998,"Q1",1,3,0.402287,0.25,0,0
"845","HUN",1998.25,1998,"Q2",1,3,0.377247,4,0,1
"846","HUN",1998.5,1998,"Q3",1,3,0.377247,3.75,0,0
"847","HUN",1998.75,1998,"Q4",1,3,0.377247,3.5,0,0
"848","HUN",1999,1999,"Q1",1,3,0.377247,3.25,0,0
"849","HUN",1999.25,1999,"Q2",1,3,0.377247,3,0,0
"850","HUN",1999.5,1999,"Q3",1,3,0.377247,2.75,0,0
"851","HUN",1999.75,1999,"Q4",1,3,0.377247,2.5,0,0
"852","HUN",2000,2000,"Q1",1,3,0.377247,2.25,0,0
"853","HUN",2000.25,2000,"Q2",1,3,0.377247,2,0,0
"854","HUN",2000.5,2000,"Q3",1,3,0.377247,1.75,0,0
"855","HUN",2000.75,2000,"Q4",1,3,0.377247,1.5,0,0
"856","HUN",2001,2001,"Q1",1,3,0.377247,1.25,0,0
"857","HUN",2001.25,2001,"Q2",1,3,0.377247,1,0,0
"858","HUN",2001.5,2001,"Q3",1,3,0.377247,0.75,0,0
"859","HUN",2001.75,2001,"Q4",1,3,0.377247,0.5,0,0
"860","HUN",2002,2002,"Q1",1,3,0.377247,0.25,0,0
"861","HUN",2002.25,2002,"Q2",1,3,0.467978,4,0,1
"862","HUN",2002.5,2002,"Q3",1,3,0.467978,3.75,0,0
"863","HUN",2002.75,2002,"Q4",1,3,0.467978,3.5,0,0
"864","HUN",2003,2003,"Q1",1,3,0.467978,3.25,0,0
"865","HUN",2003.25,2003,"Q2",1,3,0.467978,3,0,0
"866","HUN",2003.5,2003,"Q3",1,3,0.467978,2.75,0,0
"867","HUN",2003.75,2003,"Q4",1,3,0.467978,2.5,0,0
"868","HUN",2004,2004,"Q1",1,3,0.467978,2.25,0,0
"869","HUN",2004.25,2004,"Q2",1,3,0.467978,2,0,0
"870","HUN",2004.5,2004,"Q3",1,3,0.467978,1.75,0,0
"871","HUN",2004.75,2004,"Q4",1,3,0.467978,1.5,0,0
"872","HUN",2005,2005,"Q1",1,3,0.467978,1.25,0,0
"873","HUN",2005.25,2005,"Q2",1,3,0.467978,1,0,0
"874","HUN",2005.5,2005,"Q3",1,3,0.467978,0.75,0,0
"875","HUN",2005.75,2005,"Q4",1,3,0.467978,0.5,0,0
"876","HUN",2006,2006,"Q1",1,3,0.467978,0.25,0,0
"877","HUN",2006.25,2006,"Q2",1,3,0.182536,4,0,1
"878","HUN",2006.5,2006,"Q3",1,3,0.182536,3.75,0,0
"879","HUN",2006.75,2006,"Q4",1,3,0.182536,3.5,0,0
"880","HUN",2007,2007,"Q1",1,3,0.182536,3.25,0,0
"881","HUN",2007.25,2007,"Q2",1,3,0.182536,3,0,0
"882","HUN",2007.5,2007,"Q3",1,3,0.182536,2.75,0,0
"883","HUN",2007.75,2007,"Q4",1,3,0.182536,2.5,0,0
"884","HUN",2008,2008,"Q1",1,3,0.182536,2.25,0,0
"885","HUN",2008.25,2008,"Q2",1,3,0.182536,2,0,0
"886","HUN",2008.5,2008,"Q3",1,3,0.182536,1.75,0,0
"887","HUN",2008.75,2008,"Q4",1,3,0.182536,1.5,0,0
"888","HUN",2009,2009,"Q1",1,3,0.182536,1.25,0,0
"889","HUN",2009.25,2009,"Q2",1,3,0.182536,1,0,0
"890","HUN",2009.5,2009,"Q3",1,3,0.182536,0.75,0,0
"891","HUN",2009.75,2009,"Q4",1,3,0.182536,0.5,0,0
"892","HUN",2010,2010,"Q1",1,3,0.182536,0.25,0,0
"893","HUN",2010.25,2010,"Q2",0,1,0,4,0,1
"894","HUN",2010.5,2010,"Q3",0,1,0,3.75,0,0
"895","HUN",2010.75,2010,"Q4",0,1,0,3.5,0,0
"896","HUN",2011,2011,"Q1",0,1,0,3.25,0,0
"897","HUN",2011.25,2011,"Q2",0,1,0,3,0,0
"898","HUN",2011.5,2011,"Q3",0,1,0,2.75,0,0
"899","HUN",2011.75,2011,"Q4",0,1,0,2.5,0,0
"900","HUN",2012,2012,"Q1",0,1,0,2.25,0,0
"901","HUN",2012.25,2012,"Q2",0,1,0,2,0,0
"902","HUN",2012.5,2012,"Q3",0,1,0,1.75,0,0
"903","HUN",2012.75,2012,"Q4",0,1,0,1.5,0,0
"904","IRL",1989.25,1989,"Q2",0,2,0,5,0,1
"905","IRL",1989.5,1989,"Q3",0,2,0,4.75,0,0
"906","IRL",1989.75,1989,"Q4",0,2,0,4.5,0,0
"907","IRL",1990,1990,"Q1",0,2,0,4.25,0,0
"908","IRL",1990.25,1990,"Q2",0,2,0,4,0,0
"909","IRL",1990.5,1990,"Q3",0,2,0,3.75,0,0
"910","IRL",1990.75,1990,"Q4",0,2,0,3.5,0,0
"911","IRL",1991,1991,"Q1",0,2,0,3.25,0,0
"912","IRL",1991.25,1991,"Q2",0,2,0,3,0,0
"913","IRL",1991.5,1991,"Q3",0,2,0,2.75,0,0
"914","IRL",1991.75,1991,"Q4",0,2,0,2.5,0,0
"915","IRL",1992,1992,"Q1",0,2,0,2.25,0,0
"916","IRL",1992.25,1992,"Q2",0,2,0,2,0,0
"917","IRL",1992.5,1992,"Q3",0,2,0,1.75,0,0
"918","IRL",1992.75,1992,"Q4",0,2,0.135763,5,1,1
"919","IRL",1993,1993,"Q1",0,2,0.135763,4.75,0,0
"920","IRL",1993.25,1993,"Q2",0,2,0.135763,4.5,0,0
"921","IRL",1993.5,1993,"Q3",0,2,0.135763,4.25,0,0
"922","IRL",1993.75,1993,"Q4",0,2,0.135763,4,0,0
"923","IRL",1994,1994,"Q1",0,2,0.135763,3.75,0,0
"924","IRL",1994.25,1994,"Q2",0,2,0.135763,3.5,0,0
"925","IRL",1994.5,1994,"Q3",0,2,0.135763,3.25,0,0
"926","IRL",1994.75,1994,"Q4",0,2,0.135763,3,0,0
"927","IRL",1995,1995,"Q1",0,2,0.135763,2.75,0,0
"928","IRL",1995.25,1995,"Q2",0,2,0.135763,2.5,0,0
"929","IRL",1995.5,1995,"Q3",0,2,0.135763,2.25,0,0
"930","IRL",1995.75,1995,"Q4",0,2,0.135763,2,0,0
"931","IRL",1996,1996,"Q1",0,2,0.135763,1.75,0,0
"932","IRL",1996.25,1996,"Q2",0,2,0.135763,1.5,0,0
"933","IRL",1996.5,1996,"Q3",0,2,0.135763,1.25,0,0
"934","IRL",1996.75,1996,"Q4",0,2,0.135763,1,0,0
"935","IRL",1997,1997,"Q1",0,2,0.135763,0.75,0,0
"936","IRL",1997.25,1997,"Q2",0,2,0.541102,5,0,1
"937","IRL",1997.5,1997,"Q3",0,2,0.541102,4.75,0,0
"938","IRL",1997.75,1997,"Q4",0,2,0.541102,4.5,0,0
"939","IRL",1998,1998,"Q1",0,2,0.541102,4.25,0,0
"940","IRL",1998.25,1998,"Q2",0,2,0.541102,4,0,0
"941","IRL",1998.5,1998,"Q3",0,2,0.541102,3.75,0,0
"942","IRL",1998.75,1998,"Q4",0,2,0.541102,3.5,0,0
"943","IRL",1999,1999,"Q1",0,2,0.541102,3.25,0,0
"944","IRL",1999.25,1999,"Q2",0,2,0.541102,3,0,0
"945","IRL",1999.5,1999,"Q3",0,2,0.541102,2.75,0,0
"946","IRL",1999.75,1999,"Q4",0,2,0.541102,2.5,0,0
"947","IRL",2000,2000,"Q1",0,2,0.541102,2.25,0,0
"948","IRL",2000.25,2000,"Q2",0,2,0.541102,2,0,0
"949","IRL",2000.5,2000,"Q3",0,2,0.541102,1.75,0,0
"950","IRL",2000.75,2000,"Q4",0,2,0.541102,1.5,0,0
"951","IRL",2001,2001,"Q1",0,2,0.541102,1.25,0,0
"952","IRL",2001.25,2001,"Q2",0,2,0.541102,1,0,0
"953","IRL",2001.5,2001,"Q3",0,2,0.541102,0.75,0,0
"954","IRL",2001.75,2001,"Q4",0,2,0.541102,0.5,0,0
"955","IRL",2002,2002,"Q1",0,2,0.541102,0.25,0,0
"956","IRL",2002.25,2002,"Q2",0,2,0.095062,5,0,1
"957","IRL",2002.5,2002,"Q3",0,2,0.095062,4.75,0,0
"958","IRL",2002.75,2002,"Q4",0,2,0.095062,4.5,0,0
"959","IRL",2003,2003,"Q1",0,2,0.095062,4.25,0,0
"960","IRL",2003.25,2003,"Q2",0,2,0.095062,4,0,0
"961","IRL",2003.5,2003,"Q3",0,2,0.095062,3.75,0,0
"962","IRL",2003.75,2003,"Q4",0,2,0.095062,3.5,0,0
"963","IRL",2004,2004,"Q1",0,2,0.095062,3.25,0,0
"964","IRL",2004.25,2004,"Q2",0,2,0.095062,3,0,0
"965","IRL",2004.5,2004,"Q3",0,2,0.095062,2.75,0,0
"966","IRL",2004.75,2004,"Q4",0,2,0.095062,2.5,0,0
"967","IRL",2005,2005,"Q1",0,2,0.095062,2.25,0,0
"968","IRL",2005.25,2005,"Q2",0,2,0.095062,2,0,0
"969","IRL",2005.5,2005,"Q3",0,2,0.095062,1.75,0,0
"970","IRL",2005.75,2005,"Q4",0,2,0.095062,1.5,0,0
"971","IRL",2006,2006,"Q1",0,2,0.095062,1.25,0,0
"972","IRL",2006.25,2006,"Q2",0,2,0.095062,1,0,0
"973","IRL",2006.5,2006,"Q3",0,2,0.095062,0.75,0,0
"974","IRL",2006.75,2006,"Q4",0,2,0.095062,0.5,0,0
"975","IRL",2007,2007,"Q1",0,2,0.095062,0.25,0,0
"976","IRL",2007.25,2007,"Q2",0,2,0.165475,5,0,1
"977","IRL",2007.5,2007,"Q3",0,2,0.165475,4.75,0,0
"978","IRL",2007.75,2007,"Q4",0,2,0.165475,4.5,0,0
"979","IRL",2008,2008,"Q1",0,2,0.165475,4.25,0,0
"980","IRL",2008.25,2008,"Q2",0,2,0.165475,4,0,0
"981","IRL",2008.5,2008,"Q3",0,2,0.165475,3.75,0,0
"982","IRL",2008.75,2008,"Q4",0,2,0.165475,3.5,0,0
"983","IRL",2009,2009,"Q1",0,2,0.165475,3.25,0,0
"984","IRL",2009.25,2009,"Q2",0,2,0.165475,3,0,0
"985","IRL",2009.5,2009,"Q3",0,2,0.165475,2.75,0,0
"986","IRL",2009.75,2009,"Q4",0,2,0.165475,2.5,0,0
"987","IRL",2010,2010,"Q1",0,2,0.165475,2.25,0,0
"988","IRL",2010.25,2010,"Q2",0,2,0.165475,2,0,0
"989","IRL",2010.5,2010,"Q3",0,2,0.165475,1.75,0,0
"990","IRL",2010.75,2010,"Q4",0,2,0.165475,1.5,0,0
"991","IRL",2011,2011,"Q1",0,2,0.174008,5,1,1
"992","IRL",2011.25,2011,"Q2",0,2,0.174008,4.75,0,0
"993","IRL",2011.5,2011,"Q3",0,2,0.174008,4.5,0,0
"994","IRL",2011.75,2011,"Q4",0,2,0.174008,4.25,0,0
"995","IRL",2012,2012,"Q1",0,2,0.174008,4,0,0
"996","IRL",2012.25,2012,"Q2",0,2,0.174008,3.75,0,0
"997","IRL",2012.5,2012,"Q3",0,2,0.174008,3.5,0,0
"998","IRL",2012.75,2012,"Q4",0,2,0.174008,3.25,0,0
"999","JPN",1986.5,1986,"Q3",0,1,0,4,0,1
"1000","JPN",1986.75,1986,"Q4",0,1,0,3.75,0,0
"1001","JPN",1987,1987,"Q1",0,1,0,3.5,0,0
"1002","JPN",1987.25,1987,"Q2",0,1,0,3.25,0,0
"1003","JPN",1987.5,1987,"Q3",0,1,0,3,0,0
"1004","JPN",1987.75,1987,"Q4",0,1,0,2.75,0,0
"1005","JPN",1988,1988,"Q1",0,1,0,2.5,0,0
"1006","JPN",1988.25,1988,"Q2",0,1,0,2.25,0,0
"1007","JPN",1988.5,1988,"Q3",0,1,0,2,0,0
"1008","JPN",1988.75,1988,"Q4",0,1,0,1.75,0,0
"1009","JPN",1989,1989,"Q1",0,1,0,1.5,0,0
"1010","JPN",1989.25,1989,"Q2",0,1,0,1.25,0,0
"1011","JPN",1989.5,1989,"Q3",0,1,0,1,0,0
"1012","JPN",1989.75,1989,"Q4",0,1,0,0.75,0,0
"1013","JPN",1990,1990,"Q1",0,1,0,4,0,1
"1014","JPN",1990.25,1990,"Q2",0,1,0,3.75,0,0
"1015","JPN",1990.5,1990,"Q3",0,1,0,3.5,0,0
"1016","JPN",1990.75,1990,"Q4",0,1,0,3.25,0,0
"1017","JPN",1991,1991,"Q1",0,1,0,3,0,0
"1018","JPN",1991.25,1991,"Q2",0,1,0,2.75,0,0
"1019","JPN",1991.5,1991,"Q3",0,1,0,2.5,0,0
"1020","JPN",1991.75,1991,"Q4",0,1,0,2.25,0,0
"1021","JPN",1992,1992,"Q1",0,1,0,2,0,0
"1022","JPN",1992.25,1992,"Q2",0,1,0,1.75,0,0
"1023","JPN",1992.5,1992,"Q3",0,1,0,1.5,0,0
"1024","JPN",1992.75,1992,"Q4",0,1,0,1.25,0,0
"1025","JPN",1993,1993,"Q1",0,1,0,1,0,0
"1026","JPN",1993.25,1993,"Q2",0,1,0,0.75,0,0
"1027","JPN",1993.5,1993,"Q3",1,3,0.242457,4,1,1
"1028","JPN",1993.75,1993,"Q4",1,3,0.242457,3.75,0,0
"1029","JPN",1994,1994,"Q1",1,3,0.242457,3.5,0,0
"1030","JPN",1994.25,1994,"Q2",1,3,0.242457,3.25,0,0
"1031","JPN",1994.5,1994,"Q3",1,3,0.242457,3,0,0
"1032","JPN",1994.75,1994,"Q4",1,3,0.242457,2.75,0,0
"1033","JPN",1995,1995,"Q1",1,3,0.242457,2.5,0,0
"1034","JPN",1995.25,1995,"Q2",1,3,0.242457,2.25,0,0
"1035","JPN",1995.5,1995,"Q3",1,3,0.242457,2,0,0
"1036","JPN",1995.75,1995,"Q4",1,3,0.242457,1.75,0,0
"1037","JPN",1996,1996,"Q1",1,3,0.242457,1.5,0,0
"1038","JPN",1996.25,1996,"Q2",1,3,0.242457,1.25,0,0
"1039","JPN",1996.5,1996,"Q3",1,3,0.242457,1,0,0
"1040","JPN",1996.75,1996,"Q4",0,1,0.472081,4,1,1
"1041","JPN",1997,1997,"Q1",0,1,0.472081,3.75,0,0
"1042","JPN",1997.25,1997,"Q2",0,1,0.472081,3.5,0,0
"1043","JPN",1997.5,1997,"Q3",0,1,0.472081,3.25,0,0
"1044","JPN",1997.75,1997,"Q4",0,1,0.472081,3,0,0
"1045","JPN",1998,1998,"Q1",0,1,0.472081,2.75,0,0
"1046","JPN",1998.25,1998,"Q2",0,1,0.472081,2.5,0,0
"1047","JPN",1998.5,1998,"Q3",0,1,0.472081,2.25,0,0
"1048","JPN",1998.75,1998,"Q4",0,1,0.472081,2,0,0
"1049","JPN",1999,1999,"Q1",0,1,0.472081,1.75,0,0
"1050","JPN",1999.25,1999,"Q2",0,1,0.472081,1.5,0,0
"1051","JPN",1999.5,1999,"Q3",0,1,0.472081,1.25,0,0
"1052","JPN",1999.75,1999,"Q4",0,1,0.472081,1,0,0
"1053","JPN",2000,2000,"Q1",0,1,0.472081,0.75,0,0
"1054","JPN",2000.25,2000,"Q2",0,1,0,4,0,1
"1055","JPN",2000.5,2000,"Q3",0,1,0,3.75,0,0
"1056","JPN",2000.75,2000,"Q4",0,1,0,3.5,0,0
"1057","JPN",2001,2001,"Q1",0,1,0,3.25,0,0
"1058","JPN",2001.25,2001,"Q2",0,1,0,3,0,0
"1059","JPN",2001.5,2001,"Q3",0,1,0,2.75,0,0
"1060","JPN",2001.75,2001,"Q4",0,1,0,2.5,0,0
"1061","JPN",2002,2002,"Q1",0,1,0,2.25,0,0
"1062","JPN",2002.25,2002,"Q2",0,1,0,2,0,0
"1063","JPN",2002.5,2002,"Q3",0,1,0,1.75,0,0
"1064","JPN",2002.75,2002,"Q4",0,1,0,1.5,0,0
"1065","JPN",2003,2003,"Q1",0,1,0,1.25,0,0
"1066","JPN",2003.25,2003,"Q2",0,1,0,1,0,0
"1067","JPN",2003.5,2003,"Q3",0,1,0,0.75,0,0
"1068","JPN",2003.75,2003,"Q4",0,1,0.247943,4,1,1
"1069","JPN",2004,2004,"Q1",0,1,0.247943,3.75,0,0
"1070","JPN",2004.25,2004,"Q2",0,1,0.247943,3.5,0,0
"1071","JPN",2004.5,2004,"Q3",0,1,0.247943,3.25,0,0
"1072","JPN",2004.75,2004,"Q4",0,1,0.247943,3,0,0
"1073","JPN",2005,2005,"Q1",0,1,0.247943,2.75,0,0
"1074","JPN",2005.25,2005,"Q2",0,1,0.247943,2.5,0,0
"1075","JPN",2005.5,2005,"Q3",0,1,0.239653,4,1,1
"1076","JPN",2005.75,2005,"Q4",0,1,0.239653,3.75,0,0
"1077","JPN",2006,2006,"Q1",0,1,0.239653,3.5,0,0
"1078","JPN",2006.25,2006,"Q2",0,1,0.239653,3.25,0,0
"1079","JPN",2006.5,2006,"Q3",0,1,0.239653,3,0,0
"1080","JPN",2006.75,2006,"Q4",0,1,0.239653,2.75,0,0
"1081","JPN",2007,2007,"Q1",0,1,0.239653,2.5,0,0
"1082","JPN",2007.25,2007,"Q2",0,1,0.239653,2.25,0,0
"1083","JPN",2007.5,2007,"Q3",0,1,0.239653,2,0,0
"1084","JPN",2007.75,2007,"Q4",0,1,0.239653,1.75,0,0
"1085","JPN",2008,2008,"Q1",0,1,0.239653,1.5,0,0
"1086","JPN",2008.25,2008,"Q2",0,1,0.239653,1.25,0,0
"1087","JPN",2008.5,2008,"Q3",0,1,0.239653,1,0,0
"1088","JPN",2008.75,2008,"Q4",0,1,0.239653,0.75,0,0
"1089","JPN",2009,2009,"Q1",0,1,0.239653,0.5,0,0
"1090","JPN",2009.25,2009,"Q2",0,1,0.239653,0.25,0,0
"1091","JPN",2009.5,2009,"Q3",0,0,0.172154,4,0,1
"1092","JPN",2009.75,2009,"Q4",0,0,0.172154,3.75,0,0
"1093","JPN",2010,2010,"Q1",0,0,0.172154,3.5,0,0
"1094","JPN",2010.25,2010,"Q2",0,0,0.172154,3.25,0,0
"1095","JPN",2010.5,2010,"Q3",0,0,0.172154,3,0,0
"1096","JPN",2010.75,2010,"Q4",0,0,0.172154,2.75,0,0
"1097","JPN",2011,2011,"Q1",0,0,0.172154,2.5,0,0
"1098","JPN",2011.25,2011,"Q2",0,0,0.172154,2.25,0,0
"1099","JPN",2011.5,2011,"Q3",0,0,0.172154,2,0,0
"1100","JPN",2011.75,2011,"Q4",0,0,0.172154,1.75,0,0
"1101","JPN",2012,2012,"Q1",0,0,0.172154,1.5,0,0
"1102","JPN",2012.25,2012,"Q2",0,0,0.172154,1.25,0,0
"1103","JPN",2012.5,2012,"Q3",0,0,0.172154,1,0,0
"1104","JPN",2012.75,2012,"Q4",0,1,0.061524,4,1,1
"1105","LTU",1992.75,1992,"Q4",1,3,0,4,0,1
"1106","LTU",1993,1993,"Q1",1,3,0,3.75,0,0
"1107","LTU",1993.25,1993,"Q2",1,3,0,3.5,0,0
"1108","LTU",1993.5,1993,"Q3",1,3,0,3.25,0,0
"1109","LTU",1993.75,1993,"Q4",1,3,0,3,0,0
"1110","LTU",1994,1994,"Q1",1,3,0,2.75,0,0
"1111","LTU",1994.25,1994,"Q2",1,3,0,2.5,0,0
"1112","LTU",1994.5,1994,"Q3",1,3,0,2.25,0,0
"1113","LTU",1994.75,1994,"Q4",1,3,0,2,0,0
"1114","LTU",1995,1995,"Q1",1,3,0,1.75,0,0
"1115","LTU",1995.25,1995,"Q2",1,3,0,1.5,0,0
"1116","LTU",1995.5,1995,"Q3",1,3,0,1.25,0,0
"1117","LTU",1995.75,1995,"Q4",1,3,0,1,0,0
"1118","LTU",1996,1996,"Q1",1,3,0,0.75,0,0
"1119","LTU",1996.25,1996,"Q2",1,3,0,0.5,0,0
"1120","LTU",1996.5,1996,"Q3",1,3,0,0.25,0,0
"1121","LTU",1996.75,1996,"Q4",0,0,0.461348,4,0,1
"1122","LTU",1997,1997,"Q1",0,0,0.461348,3.75,0,0
"1123","LTU",1997.25,1997,"Q2",0,0,0.461348,3.5,0,0
"1124","LTU",1997.5,1997,"Q3",0,0,0.461348,3.25,0,0
"1125","LTU",1997.75,1997,"Q4",0,0,0.461348,3,0,0
"1126","LTU",1998,1998,"Q1",0,0,0.461348,2.75,0,0
"1127","LTU",1998.25,1998,"Q2",0,0,0.461348,2.5,0,0
"1128","LTU",1998.5,1998,"Q3",0,0,0.461348,2.25,0,0
"1129","LTU",1998.75,1998,"Q4",0,0,0.461348,2,0,0
"1130","LTU",1999,1999,"Q1",0,0,0.461348,1.75,0,0
"1131","LTU",1999.25,1999,"Q2",0,0,0.461348,1.5,0,0
"1132","LTU",1999.5,1999,"Q3",0,0,0.461348,1.25,0,0
"1133","LTU",1999.75,1999,"Q4",0,0,0.461348,1,0,0
"1134","LTU",2000,2000,"Q1",0,0,0.461348,0.75,0,0
"1135","LTU",2000.25,2000,"Q2",0,0,0.461348,0.5,0,0
"1136","LTU",2000.5,2000,"Q3",0,0,0.461348,0.25,0,0
"1137","LTU",2000.75,2000,"Q4",0,1,0.461348,4,0,1
"1138","LTU",2001,2001,"Q1",0,1,0.461348,3.75,0,0
"1139","LTU",2001.25,2001,"Q2",0,1,0.461348,3.5,0,0
"1140","LTU",2001.5,2001,"Q3",0,1,0.461348,3.25,0,0
"1141","LTU",2001.75,2001,"Q4",0,1,0.461348,3,0,0
"1142","LTU",2002,2002,"Q1",0,1,0.461348,2.75,0,0
"1143","LTU",2002.25,2002,"Q2",0,1,0.461348,2.5,0,0
"1144","LTU",2002.5,2002,"Q3",0,1,0.461348,2.25,0,0
"1145","LTU",2002.75,2002,"Q4",0,1,0.461348,2,0,0
"1146","LTU",2003,2003,"Q1",0,1,0.461348,1.75,0,0
"1147","LTU",2003.25,2003,"Q2",0,1,0.461348,1.5,0,0
"1148","LTU",2003.5,2003,"Q3",0,1,0.461348,1.25,0,0
"1149","LTU",2003.75,2003,"Q4",0,1,0.461348,1,0,0
"1150","LTU",2004,2004,"Q1",0,1,0.461348,0.75,0,0
"1151","LTU",2004.25,2004,"Q2",0,1,0.461348,0.5,0,0
"1152","LTU",2004.5,2004,"Q3",0,1,0.461348,0.25,0,0
"1153","LTU",2004.75,2004,"Q4",0,3,0.604114,4,0,1
"1154","LTU",2005,2005,"Q1",0,3,0.604114,3.75,0,0
"1155","LTU",2005.25,2005,"Q2",0,3,0.604114,3.5,0,0
"1156","LTU",2005.5,2005,"Q3",0,3,0.604114,3.25,0,0
"1157","LTU",2005.75,2005,"Q4",0,3,0.604114,3,0,0
"1158","LTU",2006,2006,"Q1",0,3,0.604114,2.75,0,0
"1159","LTU",2006.25,2006,"Q2",0,3,0.604114,2.5,0,0
"1160","LTU",2006.5,2006,"Q3",0,3,0.604114,2.25,0,0
"1161","LTU",2006.75,2006,"Q4",0,3,0.604114,2,0,0
"1162","LTU",2007,2007,"Q1",0,3,0.604114,1.75,0,0
"1163","LTU",2007.25,2007,"Q2",0,3,0.604114,1.5,0,0
"1164","LTU",2007.5,2007,"Q3",0,3,0.604114,1.25,0,0
"1165","LTU",2007.75,2007,"Q4",0,3,0.604114,1,0,0
"1166","LTU",2008,2008,"Q1",0,3,0.604114,0.75,0,0
"1167","LTU",2008.25,2008,"Q2",0,3,0.604114,0.5,0,0
"1168","LTU",2008.5,2008,"Q3",0,3,0.604114,0.25,0,0
"1169","LTU",2008.75,2008,"Q4",0,0,0.622468,4,0,1
"1170","LTU",2009,2009,"Q1",0,0,0,3.75,0,0
"1171","LTU",2009.25,2009,"Q2",0,0,0,3.5,0,0
"1172","LTU",2009.5,2009,"Q3",0,0,0,3.25,0,0
"1173","LTU",2009.75,2009,"Q4",0,0,0,3,0,0
"1174","LTU",2010,2010,"Q1",0,0,0,2.75,0,0
"1175","LTU",2010.25,2010,"Q2",0,0,0,2.5,0,0
"1176","LTU",2010.5,2010,"Q3",0,0,0,2.25,0,0
"1177","LTU",2010.75,2010,"Q4",0,0,0,2,0,0
"1178","LTU",2011,2011,"Q1",0,0,0,1.75,0,0
"1179","LTU",2011.25,2011,"Q2",0,0,0,1.5,0,0
"1180","LTU",2011.5,2011,"Q3",0,0,0,1.25,0,0
"1181","LTU",2011.75,2011,"Q4",0,0,0,1,0,0
"1182","LTU",2012,2012,"Q1",0,0,0,0.75,0,0
"1183","LTU",2012.25,2012,"Q2",0,0,0,0.5,0,0
"1184","LTU",2012.5,2012,"Q3",0,0,0,0.25,0,0
"1185","LTU",2012.75,2012,"Q4",0,0,0,4,0,1
"1186","LUX",1989.25,1989,"Q2",0,2,0.507246,5,0,1
"1187","LUX",1989.5,1989,"Q3",0,2,0.507246,4.75,0,0
"1188","LUX",1989.75,1989,"Q4",0,2,0.507246,4.5,0,0
"1189","LUX",1990,1990,"Q1",0,2,0.507246,4.25,0,0
"1190","LUX",1990.25,1990,"Q2",0,2,0.507246,4,0,0
"1191","LUX",1990.5,1990,"Q3",0,2,0.507246,3.75,0,0
"1192","LUX",1990.75,1990,"Q4",0,2,0.507246,3.5,0,0
"1193","LUX",1991,1991,"Q1",0,2,0.507246,3.25,0,0
"1194","LUX",1991.25,1991,"Q2",0,2,0.507246,3,0,0
"1195","LUX",1991.5,1991,"Q3",0,2,0.507246,2.75,0,0
"1196","LUX",1991.75,1991,"Q4",0,2,0.507246,2.5,0,0
"1197","LUX",1992,1992,"Q1",0,2,0.507246,2.25,0,0
"1198","LUX",1992.25,1992,"Q2",0,2,0.507246,2,0,0
"1199","LUX",1992.5,1992,"Q3",0,2,0.507246,1.75,0,0
"1200","LUX",1992.75,1992,"Q4",0,2,0.507246,1.5,0,0
"1201","LUX",1993,1993,"Q1",0,2,0.507246,1.25,0,0
"1202","LUX",1993.25,1993,"Q2",0,2,0.507246,1,0,0
"1203","LUX",1993.5,1993,"Q3",0,2,0.507246,0.75,0,0
"1204","LUX",1993.75,1993,"Q4",0,2,0.507246,0.5,0,0
"1205","LUX",1994,1994,"Q1",0,2,0.507246,0.25,0,0
"1206","LUX",1994.25,1994,"Q2",0,2,0.507692,5,0,1
"1207","LUX",1994.5,1994,"Q3",0,2,0.507692,4.75,0,0
"1208","LUX",1994.75,1994,"Q4",0,2,0.507692,4.5,0,0
"1209","LUX",1995,1995,"Q1",0,2,0.507692,4.25,0,0
"1210","LUX",1995.25,1995,"Q2",0,2,0.507692,4,0,0
"1211","LUX",1995.5,1995,"Q3",0,2,0.507692,3.75,0,0
"1212","LUX",1995.75,1995,"Q4",0,2,0.507692,3.5,0,0
"1213","LUX",1996,1996,"Q1",0,2,0.507692,3.25,0,0
"1214","LUX",1996.25,1996,"Q2",0,2,0.507692,3,0,0
"1215","LUX",1996.5,1996,"Q3",0,2,0.507692,2.75,0,0
"1216","LUX",1996.75,1996,"Q4",0,2,0.507692,2.5,0,0
"1217","LUX",1997,1997,"Q1",0,2,0.507692,2.25,0,0
"1218","LUX",1997.25,1997,"Q2",0,2,0.507692,2,0,0
"1219","LUX",1997.5,1997,"Q3",0,2,0.507692,1.75,0,0
"1220","LUX",1997.75,1997,"Q4",0,2,0.507692,1.5,0,0
"1221","LUX",1998,1998,"Q1",0,2,0.507692,1.25,0,0
"1222","LUX",1998.25,1998,"Q2",0,2,0.507692,1,0,0
"1223","LUX",1998.5,1998,"Q3",0,2,0.507692,0.75,0,0
"1224","LUX",1998.75,1998,"Q4",0,2,0.507692,0.5,0,0
"1225","LUX",1999,1999,"Q1",0,2,0.507692,0.25,0,0
"1226","LUX",1999.25,1999,"Q2",0,2,0.507824,5,0,1
"1227","LUX",1999.5,1999,"Q3",0,2,0.507824,4.75,0,0
"1228","LUX",1999.75,1999,"Q4",0,2,0.507824,4.5,0,0
"1229","LUX",2000,2000,"Q1",0,2,0.507824,4.25,0,0
"1230","LUX",2000.25,2000,"Q2",0,2,0.507824,4,0,0
"1231","LUX",2000.5,2000,"Q3",0,2,0.507824,3.75,0,0
"1232","LUX",2000.75,2000,"Q4",0,2,0.507824,3.5,0,0
"1233","LUX",2001,2001,"Q1",0,2,0.507824,3.25,0,0
"1234","LUX",2001.25,2001,"Q2",0,2,0.507824,3,0,0
"1235","LUX",2001.5,2001,"Q3",0,2,0.507824,2.75,0,0
"1236","LUX",2001.75,2001,"Q4",0,2,0.507824,2.5,0,0
"1237","LUX",2002,2002,"Q1",0,2,0.507824,2.25,0,0
"1238","LUX",2002.25,2002,"Q2",0,2,0.507824,2,0,0
"1239","LUX",2002.5,2002,"Q3",0,2,0.507824,1.75,0,0
"1240","LUX",2002.75,2002,"Q4",0,2,0.507824,1.5,0,0
"1241","LUX",2003,2003,"Q1",0,2,0.507824,1.25,0,0
"1242","LUX",2003.25,2003,"Q2",0,2,0.507824,1,0,0
"1243","LUX",2003.5,2003,"Q3",0,2,0.507824,0.75,0,0
"1244","LUX",2003.75,2003,"Q4",0,2,0.507824,0.5,0,0
"1245","LUX",2004,2004,"Q1",0,2,0.507824,0.25,0,0
"1246","LUX",2004.25,2004,"Q2",0,2,0.497984,5,0,1
"1247","LUX",2004.5,2004,"Q3",0,2,0.497984,4.75,0,0
"1248","LUX",2004.75,2004,"Q4",0,2,0.497984,4.5,0,0
"1249","LUX",2005,2005,"Q1",0,2,0.497984,4.25,0,0
"1250","LUX",2005.25,2005,"Q2",0,2,0.497984,4,0,0
"1251","LUX",2005.5,2005,"Q3",0,2,0.497984,3.75,0,0
"1252","LUX",2005.75,2005,"Q4",0,2,0.497984,3.5,0,0
"1253","LUX",2006,2006,"Q1",0,2,0.497984,3.25,0,0
"1254","LUX",2006.25,2006,"Q2",0,2,0.497984,3,0,0
"1255","LUX",2006.5,2006,"Q3",0,2,0.497984,2.75,0,0
"1256","LUX",2006.75,2006,"Q4",0,2,0.497984,2.5,0,0
"1257","LUX",2007,2007,"Q1",0,2,0.497984,2.25,0,0
"1258","LUX",2007.25,2007,"Q2",0,2,0.497984,2,0,0
"1259","LUX",2007.5,2007,"Q3",0,2,0.497984,1.75,0,0
"1260","LUX",2007.75,2007,"Q4",0,2,0.497984,1.5,0,0
"1261","LUX",2008,2008,"Q1",0,2,0.497984,1.25,0,0
"1262","LUX",2008.25,2008,"Q2",0,2,0.497984,1,0,0
"1263","LUX",2008.5,2008,"Q3",0,2,0.497984,0.75,0,0
"1264","LUX",2008.75,2008,"Q4",0,2,0.497984,0.5,0,0
"1265","LUX",2009,2009,"Q1",0,2,0.497984,0.25,0,0
"1266","LUX",2009.25,2009,"Q2",0,2,0.477952,5,0,1
"1267","LUX",2009.5,2009,"Q3",0,2,0.477952,4.75,0,0
"1268","LUX",2009.75,2009,"Q4",0,2,0.477952,4.5,0,0
"1269","LUX",2010,2010,"Q1",0,2,0.477952,4.25,0,0
"1270","LUX",2010.25,2010,"Q2",0,2,0.477952,4,0,0
"1271","LUX",2010.5,2010,"Q3",0,2,0.477952,3.75,0,0
"1272","LUX",2010.75,2010,"Q4",0,2,0.477952,3.5,0,0
"1273","LUX",2011,2011,"Q1",0,2,0.477952,3.25,0,0
"1274","LUX",2011.25,2011,"Q2",0,2,0.477952,3,0,0
"1275","LUX",2011.5,2011,"Q3",0,2,0.477952,2.75,0,0
"1276","LUX",2011.75,2011,"Q4",0,2,0.477952,2.5,0,0
"1277","LUX",2012,2012,"Q1",0,2,0.477952,2.25,0,0
"1278","LUX",2012.25,2012,"Q2",0,2,0.477952,2,0,0
"1279","LUX",2012.5,2012,"Q3",0,2,0.477952,1.75,0,0
"1280","LUX",2012.75,2012,"Q4",0,2,0.477952,1.5,0,0
"1281","NLD",1989.5,1989,"Q3",0,1,0.45,5,0,1
"1282","NLD",1989.75,1989,"Q4",0,1,0.45,4.75,0,0
"1283","NLD",1990,1990,"Q1",0,1,0.45,4.5,0,0
"1284","NLD",1990.25,1990,"Q2",0,1,0.45,4.25,0,0
"1285","NLD",1990.5,1990,"Q3",0,1,0.45,4,0,0
"1286","NLD",1990.75,1990,"Q4",0,1,0.45,3.75,0,0
"1287","NLD",1991,1991,"Q1",0,1,0.45,3.5,0,0
"1288","NLD",1991.25,1991,"Q2",0,1,0.45,3.25,0,0
"1289","NLD",1991.5,1991,"Q3",0,1,0.45,3,0,0
"1290","NLD",1991.75,1991,"Q4",0,1,0.45,2.75,0,0
"1291","NLD",1992,1992,"Q1",0,1,0.45,2.5,0,0
"1292","NLD",1992.25,1992,"Q2",0,1,0.45,2.25,0,0
"1293","NLD",1992.5,1992,"Q3",0,1,0.45,2,0,0
"1294","NLD",1992.75,1992,"Q4",0,1,0.45,1.75,0,0
"1295","NLD",1993,1993,"Q1",0,1,0.45,1.5,0,0
"1296","NLD",1993.25,1993,"Q2",0,1,0.45,1.25,0,0
"1297","NLD",1993.5,1993,"Q3",0,1,0.45,1,0,0
"1298","NLD",1993.75,1993,"Q4",0,1,0.45,0.75,0,0
"1299","NLD",1994,1994,"Q1",0,1,0.45,0.5,0,0
"1300","NLD",1994.25,1994,"Q2",1,3,0.416842,4,0,1
"1301","NLD",1994.5,1994,"Q3",1,3,0.416842,3.75,0,0
"1302","NLD",1994.75,1994,"Q4",1,3,0.416842,3.5,0,0
"1303","NLD",1995,1995,"Q1",1,3,0.416842,3.25,0,0
"1304","NLD",1995.25,1995,"Q2",1,3,0.416842,3,0,0
"1305","NLD",1995.5,1995,"Q3",1,3,0.416842,2.75,0,0
"1306","NLD",1995.75,1995,"Q4",1,3,0.416842,2.5,0,0
"1307","NLD",1996,1996,"Q1",1,3,0.416842,2.25,0,0
"1308","NLD",1996.25,1996,"Q2",1,3,0.416842,2,0,0
"1309","NLD",1996.5,1996,"Q3",1,3,0.416842,1.75,0,0
"1310","NLD",1996.75,1996,"Q4",1,3,0.416842,1.5,0,0
"1311","NLD",1997,1997,"Q1",1,3,0.416842,1.25,0,0
"1312","NLD",1997.25,1997,"Q2",1,3,0.416842,1,0,0
"1313","NLD",1997.5,1997,"Q3",1,3,0.416842,0.75,0,0
"1314","NLD",1997.75,1997,"Q4",1,3,0.416842,0.5,0,0
"1315","NLD",1998,1998,"Q1",1,3,0.416842,0.25,0,0
"1316","NLD",1998.25,1998,"Q2",1,3,0.66388,4,0,1
"1317","NLD",1998.5,1998,"Q3",1,3,0.66388,3.75,0,0
"1318","NLD",1998.75,1998,"Q4",1,3,0.66388,3.5,0,0
"1319","NLD",1999,1999,"Q1",1,3,0.66388,3.25,0,0
"1320","NLD",1999.25,1999,"Q2",1,3,0.66388,3,0,0
"1321","NLD",1999.5,1999,"Q3",1,3,0.66388,2.75,0,0
"1322","NLD",1999.75,1999,"Q4",1,3,0.66388,2.5,0,0
"1323","NLD",2000,2000,"Q1",1,3,0.66388,2.25,0,0
"1324","NLD",2000.25,2000,"Q2",1,3,0.66388,2,0,0
"1325","NLD",2000.5,2000,"Q3",1,3,0.66388,1.75,0,0
"1326","NLD",2000.75,2000,"Q4",1,3,0.66388,1.5,0,0
"1327","NLD",2001,2001,"Q1",1,3,0.66388,1.25,0,0
"1328","NLD",2001.25,2001,"Q2",1,3,0.66388,1,0,0
"1329","NLD",2001.5,2001,"Q3",1,3,0.66388,0.75,0,0
"1330","NLD",2001.75,2001,"Q4",1,3,0.66388,0.5,0,0
"1331","NLD",2002,2002,"Q1",1,3,0.66388,0.25,0,0
"1332","NLD",2002.25,2002,"Q2",1,3,0.616839,4,0,1
"1333","NLD",2002.5,2002,"Q3",1,3,0.616839,3.75,0,0
"1334","NLD",2002.75,2002,"Q4",1,3,0.616839,3.5,0,0
"1335","NLD",2003,2003,"Q1",0,1,0.615653,4,1,1
"1336","NLD",2003.25,2003,"Q2",0,1,0.615653,3.75,0,0
"1337","NLD",2003.5,2003,"Q3",0,1,0.615653,3.5,0,0
"1338","NLD",2003.75,2003,"Q4",0,1,0.615653,3.25,0,0
"1339","NLD",2004,2004,"Q1",0,1,0.615653,3,0,0
"1340","NLD",2004.25,2004,"Q2",0,1,0.615653,2.75,0,0
"1341","NLD",2004.5,2004,"Q3",0,1,0.615653,2.5,0,0
"1342","NLD",2004.75,2004,"Q4",0,1,0.615653,2.25,0,0
"1343","NLD",2005,2005,"Q1",0,1,0.615653,2,0,0
"1344","NLD",2005.25,2005,"Q2",0,1,0.615653,1.75,0,0
"1345","NLD",2005.5,2005,"Q3",0,1,0.615653,1.5,0,0
"1346","NLD",2005.75,2005,"Q4",0,1,0.615653,1.25,0,0
"1347","NLD",2006,2006,"Q1",0,1,0.615653,1,0,0
"1348","NLD",2006.25,2006,"Q2",0,1,0.615653,0.75,0,0
"1349","NLD",2006.5,2006,"Q3",0,1,0.615653,0.5,0,0
"1350","NLD",2006.75,2006,"Q4",0,1,0.551606,4,0,1
"1351","NLD",2007,2007,"Q1",0,1,0.551606,3.75,0,0
"1352","NLD",2007.25,2007,"Q2",0,1,0.551606,3.5,0,0
"1353","NLD",2007.5,2007,"Q3",0,1,0.551606,3.25,0,0
"1354","NLD",2007.75,2007,"Q4",0,1,0.551606,3,0,0
"1355","NLD",2008,2008,"Q1",0,1,0.551606,2.75,0,0
"1356","NLD",2008.25,2008,"Q2",0,1,0.551606,2.5,0,0
"1357","NLD",2008.5,2008,"Q3",0,1,0.551606,2.25,0,0
"1358","NLD",2008.75,2008,"Q4",0,1,0.551606,2,0,0
"1359","NLD",2009,2009,"Q1",0,1,0.551606,1.75,0,0
"1360","NLD",2009.25,2009,"Q2",0,1,0.551606,1.5,0,0
"1361","NLD",2009.5,2009,"Q3",0,1,0.551606,1.25,0,0
"1362","NLD",2009.75,2009,"Q4",0,1,0.551606,1,0,0
"1363","NLD",2010,2010,"Q1",0,1,0.551606,0.75,0,0
"1364","NLD",2010.25,2010,"Q2",0,1,0.568671,4,0,1
"1365","NLD",2010.5,2010,"Q3",0,1,0.568671,3.75,0,0
"1366","NLD",2010.75,2010,"Q4",0,1,0.568671,3.5,0,0
"1367","NLD",2011,2011,"Q1",0,1,0.568671,3.25,0,0
"1368","NLD",2011.25,2011,"Q2",0,1,0.568671,3,0,0
"1369","NLD",2011.5,2011,"Q3",0,1,0.568671,2.75,0,0
"1370","NLD",2011.75,2011,"Q4",0,1,0.568671,2.5,0,0
"1371","NLD",2012,2012,"Q1",0,1,0.568671,2.25,0,0
"1372","NLD",2012.25,2012,"Q2",0,1,0.568671,2,0,0
"1373","NLD",2012.5,2012,"Q3",0,1,0.572464,4,1,1
"1374","NLD",2012.75,2012,"Q4",0,1,0.572464,3.75,0,0
"1375","NOR",1989.5,1989,"Q3",1,3,0.145591,4,0,1
"1376","NOR",1989.75,1989,"Q4",1,3,0.145591,3.75,0,0
"1377","NOR",1990,1990,"Q1",1,3,0.145591,3.5,0,0
"1378","NOR",1990.25,1990,"Q2",1,3,0.145591,3.25,0,0
"1379","NOR",1990.5,1990,"Q3",1,3,0.145591,3,0,0
"1380","NOR",1990.75,1990,"Q4",1,3,0.145591,2.75,0,0
"1381","NOR",1991,1991,"Q1",1,3,0.145591,2.5,0,0
"1382","NOR",1991.25,1991,"Q2",1,3,0.145591,2.25,0,0
"1383","NOR",1991.5,1991,"Q3",1,3,0.145591,2,0,0
"1384","NOR",1991.75,1991,"Q4",1,3,0.145591,1.75,0,0
"1385","NOR",1992,1992,"Q1",1,3,0.145591,1.5,0,0
"1386","NOR",1992.25,1992,"Q2",1,3,0.145591,1.25,0,0
"1387","NOR",1992.5,1992,"Q3",1,3,0.145591,1,0,0
"1388","NOR",1992.75,1992,"Q4",1,3,0.145591,0.75,0,0
"1389","NOR",1993,1993,"Q1",1,3,0.145591,0.5,0,0
"1390","NOR",1993.25,1993,"Q2",1,3,0.145591,0.25,0,0
"1391","NOR",1993.5,1993,"Q3",1,3,0.256572,4,0,1
"1392","NOR",1993.75,1993,"Q4",1,3,0.256572,3.75,0,0
"1393","NOR",1994,1994,"Q1",1,3,0.256572,3.5,0,0
"1394","NOR",1994.25,1994,"Q2",1,3,0.256572,3.25,0,0
"1395","NOR",1994.5,1994,"Q3",1,3,0.256572,3,0,0
"1396","NOR",1994.75,1994,"Q4",1,3,0.256572,2.75,0,0
"1397","NOR",1995,1995,"Q1",1,3,0.256572,2.5,0,0
"1398","NOR",1995.25,1995,"Q2",1,3,0.256572,2.25,0,0
"1399","NOR",1995.5,1995,"Q3",1,3,0.256572,2,0,0
"1400","NOR",1995.75,1995,"Q4",1,3,0.256572,1.75,0,0
"1401","NOR",1996,1996,"Q1",1,3,0.256572,1.5,0,0
"1402","NOR",1996.25,1996,"Q2",1,3,0.256572,1.25,0,0
"1403","NOR",1996.5,1996,"Q3",1,3,0.256572,1,0,0
"1404","NOR",1996.75,1996,"Q4",1,3,0.256572,0.75,0,0
"1405","NOR",1997,1997,"Q1",1,3,0.256572,0.5,0,0
"1406","NOR",1997.25,1997,"Q2",1,3,0.256572,0.25,0,0
"1407","NOR",1997.5,1997,"Q3",0,1,0,4,0,1
"1408","NOR",1997.75,1997,"Q4",0,1,0,3.75,0,0
"1409","NOR",1998,1998,"Q1",0,1,0,3.5,0,0
"1410","NOR",1998.25,1998,"Q2",0,1,0,3.25,0,0
"1411","NOR",1998.5,1998,"Q3",0,1,0,3,0,0
"1412","NOR",1998.75,1998,"Q4",0,1,0,2.75,0,0
"1413","NOR",1999,1999,"Q1",0,1,0,2.5,0,0
"1414","NOR",1999.25,1999,"Q2",0,1,0,2.25,0,0
"1415","NOR",1999.5,1999,"Q3",0,1,0,2,0,0
"1416","NOR",1999.75,1999,"Q4",0,1,0,1.75,0,0
"1417","NOR",2000,2000,"Q1",0,1,0,1.5,0,0
"1418","NOR",2000.25,2000,"Q2",0,1,0,1.25,0,0
"1419","NOR",2000.5,2000,"Q3",0,1,0,1,0,0
"1420","NOR",2000.75,2000,"Q4",0,1,0,0.75,0,0
"1421","NOR",2001,2001,"Q1",0,1,0,0.5,0,0
"1422","NOR",2001.25,2001,"Q2",0,1,0,0.25,0,0
"1423","NOR",2001.5,2001,"Q3",0,1,0.570267,4,0,1
"1424","NOR",2001.75,2001,"Q4",0,1,0.570267,3.75,0,0
"1425","NOR",2002,2002,"Q1",0,1,0.570267,3.5,0,0
"1426","NOR",2002.25,2002,"Q2",0,1,0.570267,3.25,0,0
"1427","NOR",2002.5,2002,"Q3",0,1,0.570267,3,0,0
"1428","NOR",2002.75,2002,"Q4",0,1,0.570267,2.75,0,0
"1429","NOR",2003,2003,"Q1",0,1,0.570267,2.5,0,0
"1430","NOR",2003.25,2003,"Q2",0,1,0.570267,2.25,0,0
"1431","NOR",2003.5,2003,"Q3",0,1,0.570267,2,0,0
"1432","NOR",2003.75,2003,"Q4",0,1,0.570267,1.75,0,0
"1433","NOR",2004,2004,"Q1",0,1,0.570267,1.5,0,0
"1434","NOR",2004.25,2004,"Q2",0,1,0.570267,1.25,0,0
"1435","NOR",2004.5,2004,"Q3",0,1,0.570267,1,0,0
"1436","NOR",2004.75,2004,"Q4",0,1,0.570267,0.75,0,0
"1437","NOR",2005,2005,"Q1",0,1,0.570267,0.5,0,0
"1438","NOR",2005.25,2005,"Q2",0,1,0.570267,0.25,0,0
"1439","NOR",2005.5,2005,"Q3",1,3,0.505553,4,0,1
"1440","NOR",2005.75,2005,"Q4",1,3,0.505553,3.75,0,0
"1441","NOR",2006,2006,"Q1",1,3,0.505553,3.5,0,0
"1442","NOR",2006.25,2006,"Q2",1,3,0.505553,3.25,0,0
"1443","NOR",2006.5,2006,"Q3",1,3,0.505553,3,0,0
"1444","NOR",2006.75,2006,"Q4",1,3,0.505553,2.75,0,0
"1445","NOR",2007,2007,"Q1",1,3,0.505553,2.5,0,0
"1446","NOR",2007.25,2007,"Q2",1,3,0.505553,2.25,0,0
"1447","NOR",2007.5,2007,"Q3",1,3,0.505553,2,0,0
"1448","NOR",2007.75,2007,"Q4",1,3,0.505553,1.75,0,0
"1449","NOR",2008,2008,"Q1",1,3,0.505553,1.5,0,0
"1450","NOR",2008.25,2008,"Q2",1,3,0.505553,1.25,0,0
"1451","NOR",2008.5,2008,"Q3",1,3,0.505553,1,0,0
"1452","NOR",2008.75,2008,"Q4",1,3,0.505553,0.75,0,0
"1453","NOR",2009,2009,"Q1",1,3,0.505553,0.5,0,0
"1454","NOR",2009.25,2009,"Q2",1,3,0.505553,0.25,0,0
"1455","NOR",2009.5,2009,"Q3",1,3,0.468057,4,0,1
"1456","NOR",2009.75,2009,"Q4",1,3,0.468057,3.75,0,0
"1457","NOR",2010,2010,"Q1",1,3,0.468057,3.5,0,0
"1458","NOR",2010.25,2010,"Q2",1,3,0.468057,3.25,0,0
"1459","NOR",2010.5,2010,"Q3",1,3,0.468057,3,0,0
"1460","NOR",2010.75,2010,"Q4",1,3,0.468057,2.75,0,0
"1461","NOR",2011,2011,"Q1",1,3,0.468057,2.5,0,0
"1462","NOR",2011.25,2011,"Q2",1,3,0.468057,2.25,0,0
"1463","NOR",2011.5,2011,"Q3",1,3,0.468057,2,0,0
"1464","NOR",2011.75,2011,"Q4",1,3,0.468057,1.75,0,0
"1465","NOR",2012,2012,"Q1",1,3,0.468057,1.5,0,0
"1466","NOR",2012.25,2012,"Q2",1,3,0.468057,1.25,0,0
"1467","NOR",2012.5,2012,"Q3",1,3,0.468057,1,0,0
"1468","NOR",2012.75,2012,"Q4",1,3,0.468057,0.75,0,0
"1469","POL",1990.75,1990,"Q4",0,0,0.704386,5,0,1
"1470","POL",1991,1991,"Q1",0,0,0.704386,4.75,0,0
"1471","POL",1991.25,1991,"Q2",0,0,0.704386,4.5,0,0
"1472","POL",1991.5,1991,"Q3",0,0,0.704386,4.25,0,0
"1473","POL",1991.75,1991,"Q4",0,0,0.704386,4,0,0
"1474","POL",1992,1992,"Q1",0,0,0.704386,3.75,0,0
"1475","POL",1992.25,1992,"Q2",0,0,0.704386,3.5,0,0
"1476","POL",1992.5,1992,"Q3",0,0,0.704386,3.25,0,0
"1477","POL",1992.75,1992,"Q4",0,0,0.704386,3,0,0
"1478","POL",1993,1993,"Q1",0,0,0.704386,2.75,0,0
"1479","POL",1993.25,1993,"Q2",0,0,0.704386,2.5,0,0
"1480","POL",1993.5,1993,"Q3",0,0,0.704386,2.25,0,0
"1481","POL",1993.75,1993,"Q4",0,0,0.704386,2,0,0
"1482","POL",1994,1994,"Q1",0,0,0.704386,1.75,0,0
"1483","POL",1994.25,1994,"Q2",0,0,0.704386,1.5,0,0
"1484","POL",1994.5,1994,"Q3",0,0,0.704386,1.25,0,0
"1485","POL",1994.75,1994,"Q4",0,0,0.704386,1,0,0
"1486","POL",1995,1995,"Q1",0,0,0.704386,0.75,0,0
"1487","POL",1995.25,1995,"Q2",0,0,0.704386,0.5,0,0
"1488","POL",1995.5,1995,"Q3",0,0,0.704386,0.25,0,0
"1489","POL",1995.75,1995,"Q4",1,3,0.493345,5,0,1
"1490","POL",1996,1996,"Q1",1,3,0.493345,4.75,0,0
"1491","POL",1996.25,1996,"Q2",1,3,0.493345,4.5,0,0
"1492","POL",1996.5,1996,"Q3",1,3,0.493345,4.25,0,0
"1493","POL",1996.75,1996,"Q4",1,3,0.493345,4,0,0
"1494","POL",1997,1997,"Q1",1,3,0.493345,3.75,0,0
"1495","POL",1997.25,1997,"Q2",1,3,0.493345,3.5,0,0
"1496","POL",1997.5,1997,"Q3",1,3,0.493345,3.25,0,0
"1497","POL",1997.75,1997,"Q4",1,3,0.493345,3,0,0
"1498","POL",1998,1998,"Q1",1,3,0.493345,2.75,0,0
"1499","POL",1998.25,1998,"Q2",1,3,0.493345,2.5,0,0
"1500","POL",1998.5,1998,"Q3",1,3,0.493345,2.25,0,0
"1501","POL",1998.75,1998,"Q4",1,3,0.493345,2,0,0
"1502","POL",1999,1999,"Q1",1,3,0.493345,1.75,0,0
"1503","POL",1999.25,1999,"Q2",1,3,0.493345,1.5,0,0
"1504","POL",1999.5,1999,"Q3",1,3,0.493345,1.25,0,0
"1505","POL",1999.75,1999,"Q4",1,3,0.493345,1,0,0
"1506","POL",2000,2000,"Q1",1,3,0.493345,0.75,0,0
"1507","POL",2000.25,2000,"Q2",1,3,0.493345,0.5,0,0
"1508","POL",2000.5,2000,"Q3",1,3,0.493345,0.25,0,0
"1509","POL",2000.75,2000,"Q4",1,3,0.244034,5,0,1
"1510","POL",2001,2001,"Q1",1,3,0.244034,4.75,0,0
"1511","POL",2001.25,2001,"Q2",1,3,0.244034,4.5,0,0
"1512","POL",2001.5,2001,"Q3",1,3,0.244034,4.25,0,0
"1513","POL",2001.75,2001,"Q4",1,3,0.244034,4,0,0
"1514","POL",2002,2002,"Q1",1,3,0.244034,3.75,0,0
"1515","POL",2002.25,2002,"Q2",1,3,0.244034,3.5,0,0
"1516","POL",2002.5,2002,"Q3",1,3,0.244034,3.25,0,0
"1517","POL",2002.75,2002,"Q4",1,3,0.244034,3,0,0
"1518","POL",2003,2003,"Q1",1,3,0.244034,2.75,0,0
"1519","POL",2003.25,2003,"Q2",1,3,0.244034,2.5,0,0
"1520","POL",2003.5,2003,"Q3",1,3,0.244034,2.25,0,0
"1521","POL",2003.75,2003,"Q4",1,3,0.244034,2,0,0
"1522","POL",2004,2004,"Q1",1,3,0.244034,1.75,0,0
"1523","POL",2004.25,2004,"Q2",1,3,0.244034,1.5,0,0
"1524","POL",2004.5,2004,"Q3",1,3,0.244034,1.25,0,0
"1525","POL",2004.75,2004,"Q4",1,3,0.244034,1,0,0
"1526","POL",2005,2005,"Q1",1,3,0.244034,0.75,0,0
"1527","POL",2005.25,2005,"Q2",1,3,0.244034,0.5,0,0
"1528","POL",2005.5,2005,"Q3",1,3,0.244034,0.25,0,0
"1529","POL",2005.75,2005,"Q4",0,1,0.27364,5,0,1
"1530","POL",2006,2006,"Q1",0,1,0.27364,4.75,0,0
"1531","POL",2006.25,2006,"Q2",0,1,0.27364,4.5,0,0
"1532","POL",2006.5,2006,"Q3",0,1,0.27364,4.25,0,0
"1533","POL",2006.75,2006,"Q4",0,1,0.27364,4,0,0
"1534","POL",2007,2007,"Q1",0,1,0.27364,3.75,0,0
"1535","POL",2007.25,2007,"Q2",0,1,0.27364,3.5,0,0
"1536","POL",2007.5,2007,"Q3",0,1,0.27364,3.25,0,0
"1537","POL",2007.75,2007,"Q4",0,1,0.27364,3,0,0
"1538","POL",2008,2008,"Q1",0,1,0.27364,2.75,0,0
"1539","POL",2008.25,2008,"Q2",0,1,0.27364,2.5,0,0
"1540","POL",2008.5,2008,"Q3",0,1,0.27364,2.25,0,0
"1541","POL",2008.75,2008,"Q4",0,1,0.27364,2,0,0
"1542","POL",2009,2009,"Q1",0,1,0.27364,1.75,0,0
"1543","POL",2009.25,2009,"Q2",0,1,0.27364,1.5,0,0
"1544","POL",2009.5,2009,"Q3",0,1,0.27364,1.25,0,0
"1545","POL",2009.75,2009,"Q4",0,1,0.27364,1,0,0
"1546","POL",2010,2010,"Q1",0,1,0.27364,0.75,0,0
"1547","POL",2010.25,2010,"Q2",0,1,0.27364,0.5,0,0
"1548","POL",2010.5,2010,"Q3",0,2,0.225907,5,0,1
"1549","POL",2010.75,2010,"Q4",0,2,0.225907,4.75,0,0
"1550","POL",2011,2011,"Q1",0,2,0.225907,4.5,0,0
"1551","POL",2011.25,2011,"Q2",0,2,0.225907,4.25,0,0
"1552","POL",2011.5,2011,"Q3",0,2,0.225907,4,0,0
"1553","POL",2011.75,2011,"Q4",0,2,0.225907,3.75,0,0
"1554","POL",2012,2012,"Q1",0,2,0.225907,3.5,0,0
"1555","POL",2012.25,2012,"Q2",0,2,0.225907,3.25,0,0
"1556","POL",2012.5,2012,"Q3",0,2,0.225907,3,0,0
"1557","POL",2012.75,2012,"Q4",0,2,0.225907,2.75,0,0
"1558","SWE",1988.5,1988,"Q3",1,3,0.191773,3,0,1
"1559","SWE",1988.75,1988,"Q4",1,3,0.191773,2.75,0,0
"1560","SWE",1989,1989,"Q1",1,3,0.191773,2.5,0,0
"1561","SWE",1989.25,1989,"Q2",1,3,0.191773,2.25,0,0
"1562","SWE",1989.5,1989,"Q3",1,3,0.191773,2,0,0
"1563","SWE",1989.75,1989,"Q4",1,3,0.191773,1.75,0,0
"1564","SWE",1990,1990,"Q1",1,3,0.191773,1.5,0,0
"1565","SWE",1990.25,1990,"Q2",1,3,0.191773,1.25,0,0
"1566","SWE",1990.5,1990,"Q3",1,3,0.191773,1,0,0
"1567","SWE",1990.75,1990,"Q4",1,3,0.191773,0.75,0,0
"1568","SWE",1991,1991,"Q1",1,3,0.191773,0.5,0,0
"1569","SWE",1991.25,1991,"Q2",1,3,0.191773,0.25,0,0
"1570","SWE",1991.5,1991,"Q3",0,1,0.210324,3,0,1
"1571","SWE",1991.75,1991,"Q4",0,1,0.210324,2.75,0,0
"1572","SWE",1992,1992,"Q1",0,1,0.210324,2.5,0,0
"1573","SWE",1992.25,1992,"Q2",0,1,0.210324,2.25,0,0
"1574","SWE",1992.5,1992,"Q3",0,1,0.210324,2,0,0
"1575","SWE",1992.75,1992,"Q4",0,1,0.210324,1.75,0,0
"1576","SWE",1993,1993,"Q1",0,1,0.210324,1.5,0,0
"1577","SWE",1993.25,1993,"Q2",0,1,0.210324,1.25,0,0
"1578","SWE",1993.5,1993,"Q3",0,1,0.210324,1,0,0
"1579","SWE",1993.75,1993,"Q4",0,1,0.210324,0.75,0,0
"1580","SWE",1994,1994,"Q1",0,1,0.210324,0.5,0,0
"1581","SWE",1994.25,1994,"Q2",0,1,0.210324,0.25,0,0
"1582","SWE",1994.5,1994,"Q3",1,3,0.68827,4,0,1
"1583","SWE",1994.75,1994,"Q4",1,3,0.68827,3.75,0,0
"1584","SWE",1995,1995,"Q1",1,3,0.68827,3.5,0,0
"1585","SWE",1995.25,1995,"Q2",1,3,0.68827,3.25,0,0
"1586","SWE",1995.5,1995,"Q3",1,3,0.68827,3,0,0
"1587","SWE",1995.75,1995,"Q4",1,3,0.68827,2.75,0,0
"1588","SWE",1996,1996,"Q1",1,3,0.68827,2.5,0,0
"1589","SWE",1996.25,1996,"Q2",1,3,0.68827,2.25,0,0
"1590","SWE",1996.5,1996,"Q3",1,3,0.68827,2,0,0
"1591","SWE",1996.75,1996,"Q4",1,3,0.68827,1.75,0,0
"1592","SWE",1997,1997,"Q1",1,3,0.68827,1.5,0,0
"1593","SWE",1997.25,1997,"Q2",1,3,0.68827,1.25,0,0
"1594","SWE",1997.5,1997,"Q3",1,3,0.68827,1,0,0
"1595","SWE",1997.75,1997,"Q4",1,3,0.68827,0.75,0,0
"1596","SWE",1998,1998,"Q1",1,3,0.68827,0.5,0,0
"1597","SWE",1998.25,1998,"Q2",1,3,0.68827,0.25,0,0
"1598","SWE",1998.5,1998,"Q3",1,3,0,4,0,1
"1599","SWE",1998.75,1998,"Q4",1,3,0,3.75,0,0
"1600","SWE",1999,1999,"Q1",1,3,0,3.5,0,0
"1601","SWE",1999.25,1999,"Q2",1,3,0,3.25,0,0
"1602","SWE",1999.5,1999,"Q3",1,3,0,3,0,0
"1603","SWE",1999.75,1999,"Q4",1,3,0,2.75,0,0
"1604","SWE",2000,2000,"Q1",1,3,0,2.5,0,0
"1605","SWE",2000.25,2000,"Q2",1,3,0,2.25,0,0
"1606","SWE",2000.5,2000,"Q3",1,3,0,2,0,0
"1607","SWE",2000.75,2000,"Q4",1,3,0,1.75,0,0
"1608","SWE",2001,2001,"Q1",1,3,0,1.5,0,0
"1609","SWE",2001.25,2001,"Q2",1,3,0,1.25,0,0
"1610","SWE",2001.5,2001,"Q3",1,3,0,1,0,0
"1611","SWE",2001.75,2001,"Q4",1,3,0,0.75,0,0
"1612","SWE",2002,2002,"Q1",1,3,0,0.5,0,0
"1613","SWE",2002.25,2002,"Q2",1,3,0,0.25,0,0
"1614","SWE",2002.5,2002,"Q3",1,3,0.468783,4,0,1
"1615","SWE",2002.75,2002,"Q4",1,3,0.468783,3.75,0,0
"1616","SWE",2003,2003,"Q1",1,3,0.468783,3.5,0,0
"1617","SWE",2003.25,2003,"Q2",1,3,0.468783,3.25,0,0
"1618","SWE",2003.5,2003,"Q3",1,3,0.468783,3,0,0
"1619","SWE",2003.75,2003,"Q4",1,3,0.468783,2.75,0,0
"1620","SWE",2004,2004,"Q1",1,3,0.468783,2.5,0,0
"1621","SWE",2004.25,2004,"Q2",1,3,0.468783,2.25,0,0
"1622","SWE",2004.5,2004,"Q3",1,3,0.468783,2,0,0
"1623","SWE",2004.75,2004,"Q4",1,3,0.468783,1.75,0,0
"1624","SWE",2005,2005,"Q1",1,3,0.468783,1.5,0,0
"1625","SWE",2005.25,2005,"Q2",1,3,0.468783,1.25,0,0
"1626","SWE",2005.5,2005,"Q3",1,3,0.468783,1,0,0
"1627","SWE",2005.75,2005,"Q4",1,3,0.468783,0.75,0,0
"1628","SWE",2006,2006,"Q1",1,3,0.468783,0.5,0,0
"1629","SWE",2006.25,2006,"Q2",1,3,0.468783,0.25,0,0
"1630","SWE",2006.5,2006,"Q3",0,1,0.401102,4,0,1
"1631","SWE",2006.75,2006,"Q4",0,1,0.401102,3.75,0,0
"1632","SWE",2007,2007,"Q1",0,1,0.401102,3.5,0,0
"1633","SWE",2007.25,2007,"Q2",0,1,0.401102,3.25,0,0
"1634","SWE",2007.5,2007,"Q3",0,1,0.401102,3,0,0
"1635","SWE",2007.75,2007,"Q4",0,1,0.401102,2.75,0,0
"1636","SWE",2008,2008,"Q1",0,1,0.401102,2.5,0,0
"1637","SWE",2008.25,2008,"Q2",0,1,0.401102,2.25,0,0
"1638","SWE",2008.5,2008,"Q3",0,1,0.401102,2,0,0
"1639","SWE",2008.75,2008,"Q4",0,1,0.401102,1.75,0,0
"1640","SWE",2009,2009,"Q1",0,1,0.401102,1.5,0,0
"1641","SWE",2009.25,2009,"Q2",0,1,0.401102,1.25,0,0
"1642","SWE",2009.5,2009,"Q3",0,1,0.401102,1,0,0
"1643","SWE",2009.75,2009,"Q4",0,1,0.401102,0.75,0,0
"1644","SWE",2010,2010,"Q1",0,1,0.401102,0.5,0,0
"1645","SWE",2010.25,2010,"Q2",0,1,0.401102,0.25,0,0
"1646","SWE",2010.5,2010,"Q3",0,3,0.637148,4,0,1
"1647","SWE",2010.75,2010,"Q4",0,3,0.637148,3.75,0,0
"1648","SWE",2011,2011,"Q1",0,3,0.637148,3.5,0,0
"1649","SWE",2011.25,2011,"Q2",0,3,0.637148,3.25,0,0
"1650","SWE",2011.5,2011,"Q3",0,3,0.637148,3,0,0
"1651","SWE",2011.75,2011,"Q4",0,3,0.637148,2.75,0,0
"1652","SWE",2012,2012,"Q1",0,3,0.637148,2.5,0,0
"1653","SWE",2012.25,2012,"Q2",0,3,0.637148,2.25,0,0
"1654","SWE",2012.5,2012,"Q3",0,3,0.637148,2,0,0
"1655","SWE",2012.75,2012,"Q4",0,3,0.637148,1.75,0,0
"1656","USA",1988.75,1988,"Q4",0,1,0,4,0,1
"1657","USA",1989,1989,"Q1",0,1,0,3.75,0,0
"1658","USA",1989.25,1989,"Q2",0,1,0,3.5,0,0
"1659","USA",1989.5,1989,"Q3",0,1,0,3.25,0,0
"1660","USA",1989.75,1989,"Q4",0,1,0,3,0,0
"1661","USA",1990,1990,"Q1",0,1,0,2.75,0,0
"1662","USA",1990.25,1990,"Q2",0,1,0,2.5,0,0
"1663","USA",1990.5,1990,"Q3",0,1,0,2.25,0,0
"1664","USA",1990.75,1990,"Q4",0,1,0,2,0,0
"1665","USA",1991,1991,"Q1",0,1,0,1.75,0,0
"1666","USA",1991.25,1991,"Q2",0,1,0,1.5,0,0
"1667","USA",1991.5,1991,"Q3",0,1,0,1.25,0,0
"1668","USA",1991.75,1991,"Q4",0,1,0,1,0,0
"1669","USA",1992,1992,"Q1",0,1,0,0.75,0,0
"1670","USA",1992.25,1992,"Q2",0,1,0,0.5,0,0
"1671","USA",1992.5,1992,"Q3",0,1,0,0.25,0,0
"1672","USA",1992.75,1992,"Q4",1,3,0,4,0,1
"1673","USA",1993,1993,"Q1",1,3,0,3.75,0,0
"1674","USA",1993.25,1993,"Q2",1,3,0,3.5,0,0
"1675","USA",1993.5,1993,"Q3",1,3,0,3.25,0,0
"1676","USA",1993.75,1993,"Q4",1,3,0,3,0,0
"1677","USA",1994,1994,"Q1",1,3,0,2.75,0,0
"1678","USA",1994.25,1994,"Q2",1,3,0,2.5,0,0
"1679","USA",1994.5,1994,"Q3",1,3,0,2.25,0,0
"1680","USA",1994.75,1994,"Q4",1,3,0,2,0,0
"1681","USA",1995,1995,"Q1",1,3,0,1.75,0,0
"1682","USA",1995.25,1995,"Q2",1,3,0,1.5,0,0
"1683","USA",1995.5,1995,"Q3",1,3,0,1.25,0,0
"1684","USA",1995.75,1995,"Q4",1,3,0,1,0,0
"1685","USA",1996,1996,"Q1",1,3,0,0.75,0,0
"1686","USA",1996.25,1996,"Q2",1,3,0,0.5,0,0
"1687","USA",1996.5,1996,"Q3",1,3,0,0.25,0,0
"1688","USA",1996.75,1996,"Q4",1,3,0,4,0,1
"1689","USA",1997,1997,"Q1",1,3,0,3.75,0,0
"1690","USA",1997.25,1997,"Q2",1,3,0,3.5,0,0
"1691","USA",1997.5,1997,"Q3",1,3,0,3.25,0,0
"1692","USA",1997.75,1997,"Q4",1,3,0,3,0,0
"1693","USA",1998,1998,"Q1",1,3,0,2.75,0,0
"1694","USA",1998.25,1998,"Q2",1,3,0,2.5,0,0
"1695","USA",1998.5,1998,"Q3",1,3,0,2.25,0,0
"1696","USA",1998.75,1998,"Q4",1,3,0,2,0,0
"1697","USA",1999,1999,"Q1",1,3,0,1.75,0,0
"1698","USA",1999.25,1999,"Q2",1,3,0,1.5,0,0
"1699","USA",1999.5,1999,"Q3",1,3,0,1.25,0,0
"1700","USA",1999.75,1999,"Q4",1,3,0,1,0,0
"1701","USA",2000,2000,"Q1",1,3,0,0.75,0,0
"1702","USA",2000.25,2000,"Q2",1,3,0,0.5,0,0
"1703","USA",2000.5,2000,"Q3",1,3,0,0.25,0,0
"1704","USA",2000.75,2000,"Q4",0,1,0,4,0,1
"1705","USA",2001,2001,"Q1",0,1,0,3.75,0,0
"1706","USA",2001.25,2001,"Q2",0,1,0,3.5,0,0
"1707","USA",2001.5,2001,"Q3",0,1,0,3.25,0,0
"1708","USA",2001.75,2001,"Q4",0,1,0,3,0,0
"1709","USA",2002,2002,"Q1",0,1,0,2.75,0,0
"1710","USA",2002.25,2002,"Q2",0,1,0,2.5,0,0
"1711","USA",2002.5,2002,"Q3",0,1,0,2.25,0,0
"1712","USA",2002.75,2002,"Q4",0,1,0,2,0,0
"1713","USA",2003,2003,"Q1",0,1,0,1.75,0,0
"1714","USA",2003.25,2003,"Q2",0,1,0,1.5,0,0
"1715","USA",2003.5,2003,"Q3",0,1,0,1.25,0,0
"1716","USA",2003.75,2003,"Q4",0,1,0,1,0,0
"1717","USA",2004,2004,"Q1",0,1,0,0.75,0,0
"1718","USA",2004.25,2004,"Q2",0,1,0,0.5,0,0
"1719","USA",2004.5,2004,"Q3",0,1,0,0.25,0,0
"1720","USA",2004.75,2004,"Q4",0,1,0,4,0,1
"1721","USA",2005,2005,"Q1",0,1,0,3.75,0,0
"1722","USA",2005.25,2005,"Q2",0,1,0,3.5,0,0
"1723","USA",2005.5,2005,"Q3",0,1,0,3.25,0,0
"1724","USA",2005.75,2005,"Q4",0,1,0,3,0,0
"1725","USA",2006,2006,"Q1",0,1,0,2.75,0,0
"1726","USA",2006.25,2006,"Q2",0,1,0,2.5,0,0
"1727","USA",2006.5,2006,"Q3",0,1,0,2.25,0,0
"1728","USA",2006.75,2006,"Q4",0,1,0,2,0,0
"1729","USA",2007,2007,"Q1",0,1,0,1.75,0,0
"1730","USA",2007.25,2007,"Q2",0,1,0,1.5,0,0
"1731","USA",2007.5,2007,"Q3",0,1,0,1.25,0,0
"1732","USA",2007.75,2007,"Q4",0,1,0,1,0,0
"1733","USA",2008,2008,"Q1",0,1,0,0.75,0,0
"1734","USA",2008.25,2008,"Q2",0,1,0,0.5,0,0
"1735","USA",2008.5,2008,"Q3",0,1,0,0.25,0,0
"1736","USA",2008.75,2008,"Q4",1,3,0,4,0,1
"1737","USA",2009,2009,"Q1",1,3,0,3.75,0,0
"1738","USA",2009.25,2009,"Q2",1,3,0,3.5,0,0
"1739","USA",2009.5,2009,"Q3",1,3,0,3.25,0,0
"1740","USA",2009.75,2009,"Q4",1,3,0,3,0,0
"1741","USA",2010,2010,"Q1",1,3,0,2.75,0,0
"1742","USA",2010.25,2010,"Q2",1,3,0,2.5,0,0
"1743","USA",2010.5,2010,"Q3",1,3,0,2.25,0,0
"1744","USA",2010.75,2010,"Q4",1,3,0,2,0,0
"1745","USA",2011,2011,"Q1",1,3,0,1.75,0,0
"1746","USA",2011.25,2011,"Q2",1,3,0,1.5,0,0
"1747","USA",2011.5,2011,"Q3",1,3,0,1.25,0,0
"1748","USA",2011.75,2011,"Q4",1,3,0,1,0,0
"1749","USA",2012,2012,"Q1",1,3,0,0.75,0,0
"1750","USA",2012.25,2012,"Q2",1,3,0,0.5,0,0
"1751","USA",2012.5,2012,"Q3",1,3,0,0.25,0,0
"1752","USA",2012.75,2012,"Q4",1,3,0,4,0,1
