"V1","LOCATION","TIME","GDP_PER_CAPITA"
"1","ARG",2004,12466.212036
"2","ARG",2005,13921.484887
"3","ARG",2006,15419.356273
"4","ARG",2007,16939.104004
"5","ARG",2008,17653.947907
"6","ARG",2009,17642.47377
"7","ARG",2010,19324.059054
"8","ARG",2011,21300.57244
"9","ARG",2012,21783.28435
"10","ARG",2013,22816.526805
"11","ARG",2014,22179.30231
"12","AUS",1960,2408.920923
"13","AUS",1961,2379.035605
"14","AUS",1962,2572.776401
"15","AUS",1963,2747.828019
"16","AUS",1964,2897.584495
"17","AUS",1965,2996.236771
"18","AUS",1966,3269.328211
"19","AUS",1967,3440.283087
"20","AUS",1968,3825.844994
"21","AUS",1969,4199.804654
"22","AUS",1970,4653.260457
"23","AUS",1971,4862.621414
"24","AUS",1972,5212.47725
"25","AUS",1973,5799.424865
"26","AUS",1974,6246.46322
"27","AUS",1975,6928.930052
"28","AUS",1976,7393.750306
"29","AUS",1977,7723.041039
"30","AUS",1978,8545.909773
"31","AUS",1979,9450.273625
"32","AUS",1980,10470.284865
"33","AUS",1981,11826.28378
"34","AUS",1982,11890.731658
"35","AUS",1983,12696.524916
"36","AUS",1984,13473.648117
"37","AUS",1985,14394.215546
"38","AUS",1986,14886.157509
"39","AUS",1987,15928.694335
"40","AUS",1988,16996.337898
"41","AUS",1989,17708.687671
"42","AUS",1990,17714.104188
"43","AUS",1991,18075.522356
"44","AUS",1992,19056.199463
"45","AUS",1993,20076.664554
"46","AUS",1994,21283.658022
"47","AUS",1995,22356.265605
"48","AUS",1996,23175.144716
"49","AUS",1997,24291.065623
"50","AUS",1998,25553.429907
"51","AUS",1999,26962.22254
"52","AUS",2000,28155.081646
"53","AUS",2001,29337.245303
"54","AUS",2002,30603.014783
"55","AUS",2003,32088.266335
"56","AUS",2004,33698.798103
"57","AUS",2005,35439.508194
"58","AUS",2006,37582.514507
"59","AUS",2007,39342.902694
"60","AUS",2008,39703.9387
"61","AUS",2009,41138.365986
"62","AUS",2010,42253.177395
"63","AUS",2011,43801.566487
"64","AUS",2012,43675.724504
"65","AUS",2013,44706.3483
"66","AUS",2014,44971.470146
"67","AUT",1970,3846.280605
"68","AUT",1971,4228.987927
"69","AUT",1972,4659.261696
"70","AUT",1973,5124.366709
"71","AUT",1974,5795.024161
"72","AUT",1975,6325.435153
"73","AUT",1976,6990.05555
"74","AUT",1977,7797.752897
"75","AUT",1978,8334.429096
"76","AUT",1979,9522.025342
"77","AUT",1980,10560.539791
"78","AUT",1981,11500.417821
"79","AUT",1982,12450.616875
"80","AUT",1983,13348.577512
"81","AUT",1984,13830.14627
"82","AUT",1985,14622.457515
"83","AUT",1986,15251.050568
"84","AUT",1987,15842.4118
"85","AUT",1988,16913.501834
"86","AUT",1989,18172.064058
"87","AUT",1990,19513.869237
"88","AUT",1991,20650.176959
"89","AUT",1992,21327.05012
"90","AUT",1993,21769.233885
"91","AUT",1994,22679.104618
"92","AUT",1995,23733.454352
"93","AUT",1996,24598.001095
"94","AUT",1997,25551.710571
"95","AUT",1998,26741.905096
"96","AUT",1999,27752.729392
"97","AUT",2000,29574.151338
"98","AUT",2001,29849.369022
"99","AUT",2002,31260.90112
"100","AUT",2003,32211.892288
"101","AUT",2004,33820.200323
"102","AUT",2005,34701.953425
"103","AUT",2006,37652.678866
"104","AUT",2007,39239.719597
"105","AUT",2008,41151.37897
"106","AUT",2009,40642.354138
"107","AUT",2010,41875.547523
"108","AUT",2011,44038.724883
"109","AUT",2012,44869.977741
"110","AUT",2013,45132.537208
"111","AUT",2014,46171.426401
"112","BEL",1970,3965.352623
"113","BEL",1971,4307.445875
"114","BEL",1972,4712.576682
"115","BEL",1973,5257.52414
"116","BEL",1974,5952.122531
"117","BEL",1975,6399.386549
"118","BEL",1976,7120.635879
"119","BEL",1977,7601.136001
"120","BEL",1978,8359.218161
"121","BEL",1979,9254.594881
"122","BEL",1980,10503.827881
"123","BEL",1981,11453.525482
"124","BEL",1982,12238.953068
"125","BEL",1983,12764.481331
"126","BEL",1984,13541.984906
"127","BEL",1985,14203.27242
"128","BEL",1986,14750.91885
"129","BEL",1987,15458.971665
"130","BEL",1988,16698.372085
"131","BEL",1989,17884.427384
"132","BEL",1990,19074.088354
"133","BEL",1991,19994.073914
"134","BEL",1992,20678.118909
"135","BEL",1993,20885.390546
"136","BEL",1994,21952.868102
"137","BEL",1995,22897.649085
"138","BEL",1996,23299.892668
"139","BEL",1997,24324.976095
"140","BEL",1998,24844.252256
"141","BEL",1999,25931.484819
"142","BEL",2000,28300.354208
"143","BEL",2001,29206.763676
"144","BEL",2002,30775.580303
"145","BEL",2003,31058.680408
"146","BEL",2004,31996.862375
"147","BEL",2005,33057.462141
"148","BEL",2006,35109.669345
"149","BEL",2007,36596.057301
"150","BEL",2008,37857.443881
"151","BEL",2009,37664.141782
"152","BEL",2010,39276.125846
"153","BEL",2011,41118.291654
"154","BEL",2012,41594.503034
"155","BEL",2013,41594.583909
"156","BEL",2014,42838.527686
"157","BRA",2000,8964.532071
"158","BRA",2001,9085.20556
"159","BRA",2002,9325.720127
"160","BRA",2003,9522.665612
"161","BRA",2004,10183.095344
"162","BRA",2005,10737.332703
"163","BRA",2006,11434.076616
"164","BRA",2007,12365.008063
"165","BRA",2008,13160.43729
"166","BRA",2009,13113.506788
"167","BRA",2010,14178.504006
"168","BRA",2011,15065.354984
"169","CAN",1970,4531.790454
"170","CAN",1971,4894.364316
"171","CAN",1972,5322.195536
"172","CAN",1973,5929.674811
"173","CAN",1974,6607.989073
"174","CAN",1975,7245.090716
"175","CAN",1976,7935.068359
"176","CAN",1977,8617.254967
"177","CAN",1978,9491.95838
"178","CAN",1979,10561.523564
"179","CAN",1980,11612.341528
"180","CAN",1981,12980.123081
"181","CAN",1982,13210.94708
"182","CAN",1983,13946.4363
"183","CAN",1984,15102.657419
"184","CAN",1985,16166.822084
"185","CAN",1986,16688.779589
"186","CAN",1987,17573.230525
"187","CAN",1988,18804.74056
"188","CAN",1989,19644.317589
"189","CAN",1990,20092.003329
"190","CAN",1991,20069.65907
"191","CAN",1992,20458.913067
"192","CAN",1993,21256.914978
"193","CAN",1994,22450.685916
"194","CAN",1995,23304.179189
"195","CAN",1996,23877.273144
"196","CAN",1997,25068.497086
"197","CAN",1998,26171.118751
"198","CAN",1999,27673.62853
"199","CAN",2000,29155.513914
"200","CAN",2001,29996.085449
"201","CAN",2002,30634.226139
"202","CAN",2003,32054.038853
"203","CAN",2004,33653.989174
"204","CAN",2005,36051.184868
"205","CAN",2006,37822.262838
"206","CAN",2007,39226.354696
"207","CAN",2008,40108.288406
"208","CAN",2009,38709.060785
"209","CAN",2010,40055.256158
"210","CAN",2011,41567.442968
"211","CAN",2012,42283.47383
"212","CAN",2013,43038.066207
"213","CAN",2014,44057.239431
"214","CHE",1970,6940.831426
"215","CHE",1971,7499.222078
"216","CHE",1972,8001.04058
"217","CHE",1973,8640.033295
"218","CHE",1974,9525.321513
"219","CHE",1975,9734.603755
"220","CHE",1976,10237.062337
"221","CHE",1977,11166.4022
"222","CHE",1978,11968.735877
"223","CHE",1979,13241.460159
"224","CHE",1980,15018.699415
"225","CHE",1981,16569.736185
"226","CHE",1982,17265.053565
"227","CHE",1983,18020.405853
"228","CHE",1984,19152.674859
"229","CHE",1985,20403.278619
"230","CHE",1986,21073.944245
"231","CHE",1987,21801.484316
"232","CHE",1988,23120.83899
"233","CHE",1989,24868.05492
"234","CHE",1990,26447.408592
"235","CHE",1991,26747.659305
"236","CHE",1992,27097.245659
"237","CHE",1993,27525.566807
"238","CHE",1994,28274.125376
"239","CHE",1995,28763.041601
"240","CHE",1996,29460.095861
"241","CHE",1997,30677.345763
"242","CHE",1998,31729.641163
"243","CHE",1999,32260.709527
"244","CHE",2000,34200.065977
"245","CHE",2001,35126.795256
"246","CHE",2002,36133.741468
"247","CHE",2003,36174.312996
"248","CHE",2004,37523.34496
"249","CHE",2005,38916.066793
"250","CHE",2006,43140.249923
"251","CHE",2007,47174.898558
"252","CHE",2008,50225.747752
"253","CHE",2009,49722.091121
"254","CHE",2010,51120.531052
"255","CHE",2011,54550.692599
"256","CHE",2012,55857.398169
"257","CHE",2013,56896.90726
"258","CHE",2014,57246.291237
"259","CHL",1986,3415.673066
"260","CHL",1987,3669.659845
"261","CHL",1988,4006.980686
"262","CHL",1989,4525.928883
"263","CHL",1990,4787.360204
"264","CHL",1991,5244.180602
"265","CHL",1992,5915.086683
"266","CHL",1993,6365.590469
"267","CHL",1994,6754.029781
"268","CHL",1995,7498.774966
"269","CHL",1996,8089.036156
"270","CHL",1997,8694.767957
"271","CHL",1998,9026.771402
"272","CHL",1999,8994.545568
"273","CHL",2000,9544.281482
"274","CHL",2001,9968.217828
"275","CHL",2002,10278.724943
"276","CHL",2003,10760.329899
"277","CHL",2004,11704.076871
"278","CHL",2005,12689.733678
"279","CHL",2006,15496.225841
"280","CHL",2007,16708.621869
"281","CHL",2008,16326.617674
"282","CHL",2009,16135.589068
"283","CHL",2010,18172.591984
"284","CHL",2011,20188.52823
"285","CHL",2012,21108.342092
"286","CHL",2013,21888.04263
"287","CHL",2014,22253.768332
"288","CHN",1980,296.730807
"289","CHN",1981,336.641988
"290","CHN",1982,383.92488
"291","CHN",1983,436.870378
"292","CHN",1984,514.304466
"293","CHN",1985,593.979626
"294","CHN",1986,649.299177
"295","CHN",1987,730.634752
"296","CHN",1988,828.680072
"297","CHN",1989,882.725066
"298","CHN",1990,999.420327
"299","CHN",1991,1058.511906
"300","CHN",1992,1168.427604
"301","CHN",1993,1351.065551
"302","CHN",1994,1555.020437
"303","CHN",1995,1776.271162
"304","CHN",1996,1985.527437
"305","CHN",1997,2199.391518
"306","CHN",1998,2407.839669
"307","CHN",1999,2612.074581
"308","CHN",2000,2853.276501
"309","CHN",2001,3139.012016
"310","CHN",2002,3454.359066
"311","CHN",2003,3853.404884
"312","CHN",2004,4332.790823
"313","CHN",2005,4948.282575
"314","CHN",2006,5716.698443
"315","CHN",2007,6664.990953
"316","CHN",2008,7412.130664
"317","CHN",2009,8117.795562
"318","CHN",2010,9031.011074
"319","CHN",2011,10016.634006
"320","CHN",2012,10917.474107
"321","CHN",2013,11874.377975
"322","COL",2000,6610.528378
"323","COL",2001,6788.184713
"324","COL",2002,6976.995432
"325","COL",2003,7303.348851
"326","COL",2004,7806.799896
"327","COL",2005,8334.104166
"328","COL",2006,9056.395108
"329","COL",2007,9820.406725
"330","COL",2008,10245.097834
"331","COL",2009,10371.338594
"332","COL",2010,10786.514267
"333","COL",2011,11586.873582
"334","COL",2012,12103.447429
"335","COL",2013,12750.359499
"336","CZE",1990,12695.124559
"337","CZE",1991,11654.895721
"338","CZE",1992,11849.693327
"339","CZE",1993,12124.089946
"340","CZE",1994,12735.490748
"341","CZE",1995,13817.19085
"342","CZE",1996,14699.768397
"343","CZE",1997,14904.768286
"344","CZE",1998,14975.889531
"345","CZE",1999,15388.985951
"346","CZE",2000,16259.170099
"347","CZE",2001,17632.922608
"348","CZE",2002,18311.426862
"349","CZE",2003,19592.626458
"350","CZE",2004,20970.083368
"351","CZE",2005,22236.640447
"352","CZE",2006,24349.910949
"353","CZE",2007,26621.518503
"354","CZE",2008,26994.340396
"355","CZE",2009,26894.98891
"356","CZE",2010,26940.779084
"357","CZE",2011,28602.621284
"358","CZE",2012,28635.608866
"359","CZE",2013,28962.639309
"360","CZE",2014,30366.372804
"361","DEU",1970,3969.200854
"362","DEU",1971,4266.4929
"363","DEU",1972,4620.798735
"364","DEU",1973,5089.425239
"365","DEU",1974,5594.366805
"366","DEU",1975,6082.611378
"367","DEU",1976,6765.200813
"368","DEU",1977,7439.757483
"369","DEU",1978,8210.390523
"370","DEU",1979,9254.506405
"371","DEU",1980,10205.29964
"372","DEU",1981,11200.642847
"373","DEU",1982,11861.109713
"374","DEU",1983,12557.469521
"375","DEU",1984,13417.482982
"376","DEU",1985,14201.643972
"377","DEU",1986,14815.332286
"378","DEU",1987,15400.824843
"379","DEU",1988,16446.908985
"380","DEU",1989,17625.351011
"381","DEU",1990,19071.242337
"382","DEU",1991,20552.155806
"383","DEU",1992,21262.463871
"384","DEU",1993,21405.034195
"385","DEU",1994,22330.372659
"386","DEU",1995,23125.620559
"387","DEU",1996,23685.163563
"388","DEU",1997,24197.284522
"389","DEU",1998,24889.153096
"390","DEU",1999,25802.446141
"391","DEU",2000,26645.232757
"392","DEU",2001,27721.75152
"393","DEU",2002,28438.129709
"394","DEU",2003,29364.588581
"395","DEU",2004,30708.819123
"396","DEU",2005,32186.156219
"397","DEU",2006,34716.304103
"398","DEU",2007,36783.019417
"399","DEU",2008,38434.120245
"400","DEU",2009,37137.140926
"401","DEU",2010,39621.79363
"402","DEU",2011,42152.144742
"403","DEU",2012,42807.265881
"404","DEU",2013,43282.308356
"405","DEU",2014,44985.467088
"406","DEW",1970,4562.672226
"407","DEW",1971,4892.259126
"408","DEW",1972,5291.97128
"409","DEW",1973,5817.915555
"410","DEW",1974,6389.028716
"411","DEW",1975,6945.497442
"412","DEW",1976,7726.674065
"413","DEW",1977,8498.827583
"414","DEW",1978,9380.302036
"415","DEW",1979,10570.387816
"416","DEW",1980,11646.911416
"417","DEW",1981,12777.360948
"418","DEW",1982,13526.331536
"419","DEW",1983,14331.256216
"420","DEW",1984,15320.737463
"421","DEW",1985,16218.806613
"422","DEW",1986,16912.75262
"423","DEW",1987,17584.464408
"424","DEW",1988,18760.250422
"425","DEW",1989,20049.145093
"426","DEW",1990,21471.478051
"427","DEW",1991,23020.520005
"428","DNK",1966,3450.131205
"429","DNK",1967,3655.373347
"430","DNK",1968,3966.966989
"431","DNK",1969,4437.6812
"432","DNK",1970,4354.593757
"433","DNK",1971,4689.333828
"434","DNK",1972,5066.99947
"435","DNK",1973,5510.447329
"436","DNK",1974,5929.314487
"437","DNK",1975,6380.353157
"438","DNK",1976,7122.420511
"439","DNK",1977,7689.635149
"440","DNK",1978,8390.360118
"441","DNK",1979,9417.857259
"442","DNK",1980,10205.224786
"443","DNK",1981,11063.315878
"444","DNK",1982,12195.582344
"445","DNK",1983,13023.492657
"446","DNK",1984,14055.566538
"447","DNK",1985,15083.182428
"448","DNK",1986,16126.941498
"449","DNK",1987,16563.721552
"450","DNK",1988,17109.129726
"451","DNK",1989,17869.208567
"452","DNK",1990,18798.732911
"453","DNK",1991,19654.151891
"454","DNK",1992,20400.164956
"455","DNK",1993,20794.426039
"456","DNK",1994,22337.202293
"457","DNK",1995,23394.197257
"458","DNK",1996,24481.651148
"459","DNK",1997,25702.135015
"460","DNK",1998,26628.188804
"461","DNK",1999,27548.141065
"462","DNK",2000,29575.137705
"463","DNK",2001,30249.939428
"464","DNK",2002,31597.286026
"465","DNK",2003,31269.121345
"466","DNK",2004,33161.993251
"467","DNK",2005,34082.678365
"468","DNK",2006,37191.52077
"469","DNK",2007,38684.594115
"470","DNK",2008,40842.803551
"471","DNK",2009,39625.491857
"472","DNK",2010,41812.080011
"473","DNK",2011,43318.505007
"474","DNK",2012,43564.515118
"475","DNK",2013,43797.232537
"476","DNK",2014,44889.066165
"477","EA19",1995,20172.254919
"478","EA19",1996,20834.346175
"479","EA19",1997,21682.671166
"480","EA19",1998,22694.810497
"481","EA19",1999,23566.716998
"482","EA19",2000,25010.599911
"483","EA19",2001,26296.375361
"484","EA19",2002,27132.296899
"485","EA19",2003,27615.947388
"486","EA19",2004,28688.339216
"487","EA19",2005,29972.29605
"488","EA19",2006,32453.312751
"489","EA19",2007,34362.638765
"490","EA19",2008,35742.561099
"491","EA19",2009,34797.135564
"492","EA19",2010,35796.872648
"493","EA19",2011,37181.655931
"494","EA19",2012,37303.6276
"495","EA19",2013,37605.976707
"496","EA19",2014,38619.20279
"497","ESP",1970,2778.332068
"498","ESP",1971,3027.092915
"499","ESP",1972,3385.033317
"500","ESP",1973,3812.733735
"501","ESP",1974,4346.640108
"502","ESP",1975,4725.474929
"503","ESP",1976,5089.090618
"504","ESP",1977,5492.450607
"505","ESP",1978,5897.444204
"506","ESP",1979,6330.176254
"507","ESP",1980,6977.922281
"508","ESP",1981,7572.621524
"509","ESP",1982,8099.104883
"510","ESP",1983,8527.69957
"511","ESP",1984,8951.228504
"512","ESP",1985,9417.414147
"513","ESP",1986,9889.83515
"514","ESP",1987,10678.446367
"515","ESP",1988,11589.825508
"516","ESP",1989,12597.2403
"517","ESP",1990,13536.58412
"518","ESP",1991,14317.90303
"519","ESP",1992,14745.87378
"520","ESP",1993,14908.38755
"521","ESP",1994,15560.612698
"522","ESP",1995,16299.597663
"523","ESP",1996,17037.207254
"524","ESP",1997,17968.019963
"525","ESP",1998,19152.987122
"526","ESP",1999,20093.077662
"527","ESP",2000,21718.315612
"528","ESP",2001,23207.589804
"529","ESP",2002,24663.910671
"530","ESP",2003,25329.483674
"531","ESP",2004,26483.642657
"532","ESP",2005,27862.939315
"533","ESP",2006,30905.50435
"534","ESP",2007,32800.030856
"535","ESP",2008,33708.163593
"536","ESP",2009,32803.894942
"537","ESP",2010,32360.512413
"538","ESP",2011,32534.562078
"539","ESP",2012,32392.740471
"540","ESP",2013,32546.251515
"541","ESP",2014,33168.7529
"542","EST",1993,5642.63166
"543","EST",1994,5799.693505
"544","EST",1995,6309.364498
"545","EST",1996,6916.753567
"546","EST",1997,7973.038261
"547","EST",1998,8441.310033
"548","EST",1999,8785.309033
"549","EST",2000,9679.625694
"550","EST",2001,10511.251092
"551","EST",2002,11770.064726
"552","EST",2003,13192.93622
"553","EST",2004,14628.089895
"554","EST",2005,16510.224445
"555","EST",2006,19255.466085
"556","EST",2007,21802.505845
"557","EST",2008,22486.906485
"558","EST",2009,20194.712956
"559","EST",2010,21069.683366
"560","EST",2011,23914.116217
"561","EST",2012,25205.781007
"562","EST",2013,26160.0771
"563","EST",2014,26901.637196
"564","EU28",1995,17989.224819
"565","EU28",1996,18708.974775
"566","EU28",1997,19519.98749
"567","EU28",1998,20381.311307
"568","EU28",1999,21145.791879
"569","EU28",2000,22545.575115
"570","EU28",2001,23736.680933
"571","EU28",2002,24663.218239
"572","EU28",2003,25301.582545
"573","EU28",2004,26519.096701
"574","EU28",2005,27726.873172
"575","EU28",2006,30062.833979
"576","EU28",2007,31817.178915
"577","EU28",2008,33125.468068
"578","EU28",2009,32338.767529
"579","EU28",2010,33180.396698
"580","EU28",2011,34492.799107
"581","EU28",2012,34804.030014
"582","EU28",2013,35271.19015
"583","EU28",2014,36236.936377
"584","FIN",1970,3353.78942
"585","FIN",1971,3602.459982
"586","FIN",1972,4024.72088
"587","FIN",1973,4514.799763
"588","FIN",1974,5052.560038
"589","FIN",1975,5595.804705
"590","FIN",1976,5905.380772
"591","FIN",1977,6269.184213
"592","FIN",1978,6885.501784
"593","FIN",1979,7964.372006
"594","FIN",1980,9122.25
"595","FIN",1981,10059.870455
"596","FIN",1982,10952.451607
"597","FIN",1983,11670.373841
"598","FIN",1984,12406.421821
"599","FIN",1985,13201.064945
"600","FIN",1986,13789.504552
"601","FIN",1987,14603.371537
"602","FIN",1988,15855.776025
"603","FIN",1989,17247.904893
"604","FIN",1990,17927.314031
"605","FIN",1991,17333.575354
"606","FIN",1992,17043.074911
"607","FIN",1993,17236.98876
"608","FIN",1994,18218.521419
"609","FIN",1995,19306.979656
"610","FIN",1996,19837.829935
"611","FIN",1997,21589.25932
"612","FIN",1998,23279.093407
"613","FIN",1999,24501.645051
"614","FIN",2000,26472.874701
"615","FIN",2001,27535.325603
"616","FIN",2002,28421.224885
"617","FIN",2003,28813.364509
"618","FIN",2004,31092.457672
"619","FIN",2005,32065.142067
"620","FIN",2006,34523.483914
"621","FIN",2007,37509.072517
"622","FIN",2008,39729.652367
"623","FIN",2009,37546.319311
"624","FIN",2010,38296.163696
"625","FIN",2011,40251.144125
"626","FIN",2012,40209.112568
"627","FIN",2013,40016.748677
"628","FIN",2014,39986.920468
"629","FRA",1960,1811.845107
"630","FRA",1961,1897.968394
"631","FRA",1962,2041.754359
"632","FRA",1963,2144.973811
"633","FRA",1964,2301.038941
"634","FRA",1965,2463.045814
"635","FRA",1966,2661.762548
"636","FRA",1967,2846.355409
"637","FRA",1968,3100.059837
"638","FRA",1969,3490.962801
"639","FRA",1970,3692.738115
"640","FRA",1971,4049.090588
"641","FRA",1972,4377.175477
"642","FRA",1973,4867.502721
"643","FRA",1974,5496.437963
"644","FRA",1975,5919.061714
"645","FRA",1976,6487.253116
"646","FRA",1977,7095.188076
"647","FRA",1978,7861.095284
"648","FRA",1979,8774.581959
"649","FRA",1980,9667.836436
"650","FRA",1981,10624.218017
"651","FRA",1982,11496.940627
"652","FRA",1983,12036.544873
"653","FRA",1984,12592.325773
"654","FRA",1985,13140.934994
"655","FRA",1986,13651.832333
"656","FRA",1987,14283.966387
"657","FRA",1988,15395.686077
"658","FRA",1989,16592.560411
"659","FRA",1990,17611.902055
"660","FRA",1991,18295.191858
"661","FRA",1992,18917.488379
"662","FRA",1993,19165.815072
"663","FRA",1994,19958.426993
"664","FRA",1995,20724.374698
"665","FRA",1996,21324.10961
"666","FRA",1997,22251.460475
"667","FRA",1998,23347.966913
"668","FRA",1999,24265.640912
"669","FRA",2000,25996.407253
"670","FRA",2001,27439.039494
"671","FRA",2002,28522.599228
"672","FRA",2003,28110.012246
"673","FRA",2004,29056.308814
"674","FRA",2005,30397.871033
"675","FRA",2006,32311.131218
"676","FRA",2007,34064.031857
"677","FRA",2008,35169.697505
"678","FRA",2009,34836.621561
"679","FRA",2010,35896.082223
"680","FRA",2011,37353.202439
"681","FRA",2012,37281.230311
"682","FRA",2013,37617.059592
"683","FRA",2014,38869.725026
"684","GBR",1960,2186.298678
"685","GBR",1961,2248.226997
"686","GBR",1962,2296.179887
"687","GBR",1963,2419.069763
"688","GBR",1964,2563.492244
"689","GBR",1965,2694.142395
"690","GBR",1966,2834.567525
"691","GBR",1967,2976.523362
"692","GBR",1968,3268.199673
"693","GBR",1969,3507.172729
"694","GBR",1970,3772.422202
"695","GBR",1971,4088.380528
"696","GBR",1972,4426.851421
"697","GBR",1973,4980.718833
"698","GBR",1974,5243.001487
"699","GBR",1975,5532.886457
"700","GBR",1976,6023.158459
"701","GBR",1977,6574.636551
"702","GBR",1978,7383.459452
"703","GBR",1979,8325.827961
"704","GBR",1980,8894.771416
"705","GBR",1981,9706.9175
"706","GBR",1982,10526.60798
"707","GBR",1983,11422.450718
"708","GBR",1984,12077.352685
"709","GBR",1985,12900.189978
"710","GBR",1986,13551.599507
"711","GBR",1987,14766.338539
"712","GBR",1988,16243.641278
"713","GBR",1989,17399.85362
"714","GBR",1990,17987.954335
"715","GBR",1991,18277.663998
"716","GBR",1992,18639.349775
"717","GBR",1993,19514.696318
"718","GBR",1994,20508.082123
"719","GBR",1995,21104.408195
"720","GBR",1996,22445.378793
"721","GBR",1997,23848.687974
"722","GBR",1998,24591.055213
"723","GBR",1999,25263.303392
"724","GBR",2000,27451.377488
"725","GBR",2001,28817.798749
"726","GBR",2002,30087.899276
"727","GBR",2003,31183.782109
"728","GBR",2004,33112.209782
"729","GBR",2005,34616.439801
"730","GBR",2006,36920.92235
"731","GBR",2007,37509.117686
"732","GBR",2008,37765.490138
"733","GBR",2009,36383.050659
"734","GBR",2010,35859.274215
"735","GBR",2011,36575.082711
"736","GBR",2012,37605.153243
"737","GBR",2013,38743.01394
"738","GBR",2014,39709.452336
"739","GRC",1970,3095.379235
"740","GRC",1971,3492.528249
"741","GRC",1972,3987.750907
"742","GRC",1973,4524.64059
"743","GRC",1974,4596.626151
"744","GRC",1975,5292.526145
"745","GRC",1976,5886.844603
"746","GRC",1977,6338.39066
"747","GRC",1978,7180.82987
"748","GRC",1979,7929.606177
"749","GRC",1980,8617.600469
"750","GRC",1981,9193.71654
"751","GRC",1982,9593.301992
"752","GRC",1983,9807.4231
"753","GRC",1984,10308.327452
"754","GRC",1985,10863.390428
"755","GRC",1986,11103.102505
"756","GRC",1987,11091.342641
"757","GRC",1988,11928.954445
"758","GRC",1989,12796.135665
"759","GRC",1990,13176.638729
"760","GRC",1991,13919.496558
"761","GRC",1992,14232.269077
"762","GRC",1993,14259.121932
"763","GRC",1994,14786.74079
"764","GRC",1995,15371.103658
"765","GRC",1996,16051.732193
"766","GRC",1997,17072.293532
"767","GRC",1998,17640.182071
"768","GRC",1999,18265.367044
"769","GRC",2000,19344.167538
"770","GRC",2001,20895.238211
"771","GRC",2002,22718.60132
"772","GRC",2003,23804.106951
"773","GRC",2004,25432.348932
"774","GRC",2005,25396.158905
"775","GRC",2006,28290.1966
"776","GRC",2007,29308.709996
"777","GRC",2008,31161.468565
"778","GRC",2009,30662.011991
"779","GRC",2010,28961.321984
"780","GRC",2011,26626.232773
"781","GRC",2012,25177.392013
"782","GRC",2013,25522.634865
"783","GRC",2014,25950.391401
"784","HUN",1991,8284.037242
"785","HUN",1992,8230.747137
"786","HUN",1993,8402.442802
"787","HUN",1994,8862.570985
"788","HUN",1995,9121.762887
"789","HUN",1996,9407.93733
"790","HUN",1997,10055.270501
"791","HUN",1998,10776.074409
"792","HUN",1999,11237.676511
"793","HUN",2000,12088.602834
"794","HUN",2001,13643.234065
"795","HUN",2002,14918.398276
"796","HUN",2003,15639.770671
"797","HUN",2004,16466.362354
"798","HUN",2005,17314.476053
"799","HUN",2006,18664.193424
"800","HUN",2007,19339.123101
"801","HUN",2008,20810.785168
"802","HUN",2009,20867.23625
"803","HUN",2010,21561.821502
"804","HUN",2011,22603.202681
"805","HUN",2012,22556.313054
"806","HUN",2013,23507.27994
"807","HUN",2014,24708.540611
"808","IDN",1993,4281.543872
"809","IDN",1994,4627.022125
"810","IDN",1995,5039.760442
"811","IDN",1996,5439.424716
"812","IDN",1997,5705.25805
"813","IDN",1998,4935.59128
"814","IDN",1999,4971.640549
"815","IDN",2000,4910.07885
"816","IDN",2001,5133.91744
"817","IDN",2002,5372.374176
"818","IDN",2003,5662.666342
"819","IDN",2004,6026.460605
"820","IDN",2005,6483.336191
"821","IDN",2006,6958.620544
"822","IDN",2007,7499.073653
"823","IDN",2008,8003.163838
"824","IDN",2009,8167.240148
"825","IDN",2010,8488.70657
"826","IDN",2011,8906.894877
"827","IDN",2012,9432.723906
"828","IDN",2013,10022.576827
"829","IND",2004,2722.02956
"830","IND",2005,3022.265821
"831","IND",2006,3355.218501
"832","IND",2007,3729.076499
"833","IND",2008,3862.783554
"834","IND",2009,4247.211586
"835","IRL",1970,2402.606847
"836","IRL",1971,2587.650032
"837","IRL",1972,2831.150802
"838","IRL",1973,3076.303177
"839","IRL",1974,3438.425498
"840","IRL",1975,3903.167482
"841","IRL",1976,4108.895087
"842","IRL",1977,4658.579206
"843","IRL",1978,5276.256386
"844","IRL",1979,5792.984752
"845","IRL",1980,6446.756681
"846","IRL",1981,7194.147805
"847","IRL",1982,7731.846216
"848","IRL",1983,7960.323215
"849","IRL",1984,8543.179588
"850","IRL",1985,9057.795476
"851","IRL",1986,9198.342201
"852","IRL",1987,9870.119995
"853","IRL",1988,10785.184096
"854","IRL",1989,11926.87512
"855","IRL",1990,13430.488855
"856","IRL",1991,14065.106672
"857","IRL",1992,14745.394718
"858","IRL",1993,15420.283684
"859","IRL",1994,16599.166095
"860","IRL",1995,18499.22769
"861","IRL",1996,20057.735501
"862","IRL",1997,22190.572312
"863","IRL",1998,24506.071728
"864","IRL",1999,26530.945154
"865","IRL",2000,29627.270452
"866","IRL",2001,31786.040052
"867","IRL",2002,34441.408106
"868","IRL",2003,36015.647264
"869","IRL",2004,38182.544467
"870","IRL",2005,40446.233878
"871","IRL",2006,44030.075592
"872","IRL",2007,46727.318449
"873","IRL",2008,43838.714123
"874","IRL",2009,41845.100291
"875","IRL",2010,43223.356436
"876","IRL",2011,45669.962531
"877","IRL",2012,45756.560293
"878","IRL",2013,46857.961273
"879","IRL",2014,48732.691738
"880","ISL",1970,3838.595353
"881","ISL",1971,4516.360198
"882","ISL",1972,4926.865236
"883","ISL",1973,5467.819563
"884","ISL",1974,6212.462005
"885","ISL",1975,6746.865702
"886","ISL",1976,7469.352877
"887","ISL",1977,8566.727446
"888","ISL",1978,9643.172077
"889","ISL",1979,10841.862609
"890","ISL",1980,12366.933302
"891","ISL",1981,13936.788359
"892","ISL",1982,14913.935991
"893","ISL",1983,14974.534304
"894","ISL",1984,15980.446679
"895","ISL",1985,16900.421782
"896","ISL",1986,18186.425715
"897","ISL",1987,20017.713609
"898","ISL",1988,20374.948537
"899","ISL",1989,20981.622318
"900","ISL",1990,21835.726171
"901","ISL",1991,22234.895612
"902","ISL",1992,21710.356167
"903","ISL",1993,22290.038815
"904","ISL",1994,23388.825852
"905","ISL",1995,23781.645667
"906","ISL",1996,24740.394772
"907","ISL",1997,26685.331693
"908","ISL",1998,28403.559332
"909","ISL",1999,29239.963931
"910","ISL",2000,29614.02891
"911","ISL",2001,31246.571807
"912","ISL",2002,31972.113176
"913","ISL",2003,31751.262552
"914","ISL",2004,34896.821287
"915","ISL",2005,35987.011323
"916","ISL",2006,36685.270965
"917","ISL",2007,38728.785582
"918","ISL",2008,41114.605686
"919","ISL",2009,39831.130995
"920","ISL",2010,38592.460551
"921","ISL",2011,39558.431596
"922","ISL",2012,40497.554058
"923","ISL",2013,41986.80103
"924","ISL",2014,43330.141595
"925","ISR",1995,19732.005995
"926","ISR",1996,20704.053917
"927","ISR",1997,21426.399552
"928","ISR",1998,21984.346944
"929","ISR",1999,22560.553309
"930","ISR",2000,24831.657068
"931","ISR",2001,24865.932867
"932","ISR",2002,25138.411496
"933","ISR",2003,23696.299921
"934","ISR",2004,25124.267648
"935","ISR",2005,24774.040857
"936","ISR",2006,25633.777094
"937","ISR",2007,27498.507566
"938","ISR",2008,27357.902045
"939","ISR",2009,27589.392451
"940","ISR",2010,28947.847425
"941","ISR",2011,30584.882482
"942","ISR",2012,31937.822373
"943","ISR",2013,32712.940299
"944","ISR",2014,33242.592674
"945","ITA",1970,3574.568083
"946","ITA",1971,3806.577444
"947","ITA",1972,4094.633021
"948","ITA",1973,4593.831048
"949","ITA",1974,5247.422797
"950","ITA",1975,5580.148727
"951","ITA",1976,6274.510172
"952","ITA",1977,6805.364621
"953","ITA",1978,7492.441872
"954","ITA",1979,8569.53359
"955","ITA",1980,9642.962615
"956","ITA",1981,10617.838754
"957","ITA",1982,11316.552761
"958","ITA",1983,11896.599646
"959","ITA",1984,12713.244884
"960","ITA",1985,13483.254888
"961","ITA",1986,14147.8762
"962","ITA",1987,14970.464881
"963","ITA",1988,16136.652906
"964","ITA",1989,17319.091043
"965","ITA",1990,18301.041732
"966","ITA",1991,19182.118837
"967","ITA",1992,19775.524755
"968","ITA",1993,20061.107785
"969","ITA",1994,20924.463786
"970","ITA",1995,21977.193137
"971","ITA",1996,22676.294775
"972","ITA",1997,23460.90276
"973","ITA",1998,24681.823706
"974","ITA",1999,25168.38824
"975","ITA",2000,26657.920823
"976","ITA",2001,28248.458681
"977","ITA",2002,27890.423171
"978","ITA",2003,28422.284352
"979","ITA",2004,28712.274545
"980","ITA",2005,29553.62607
"981","ITA",2006,31832.365639
"982","ITA",2007,33530.875914
"983","ITA",2008,34941.177408
"984","ITA",2009,33893.164453
"985","ITA",2010,34395.686695
"986","ITA",2011,35494.454893
"987","ITA",2012,35044.286437
"988","ITA",2013,34780.860254
"989","ITA",2014,35015.256371
"990","JPN",1970,3203.262158
"991","JPN",1971,3489.434008
"992","JPN",1972,3893.645112
"993","JPN",1973,4334.066407
"994","JPN",1974,4602.01036
"995","JPN",1975,5120.458804
"996","JPN",1976,5553.993658
"997","JPN",1977,6097.437954
"998","JPN",1978,6807.418696
"999","JPN",1979,7709.165337
"1000","JPN",1980,8573.186823
"1001","JPN",1981,9695.338552
"1002","JPN",1982,10570.46041
"1003","JPN",1983,11247.607236
"1004","JPN",1984,12088.801167
"1005","JPN",1985,13184.218965
"1006","JPN",1986,13761.509598
"1007","JPN",1987,14622.705167
"1008","JPN",1988,16149.405771
"1009","JPN",1989,17612.270169
"1010","JPN",1990,19218.130833
"1011","JPN",1991,20436.981174
"1012","JPN",1992,20995.198564
"1013","JPN",1993,21467.54783
"1014","JPN",1994,22082.276665
"1015","JPN",1995,22922.082058
"1016","JPN",1996,23897.347398
"1017","JPN",1997,24635.368876
"1018","JPN",1998,24338.626868
"1019","JPN",1999,24615.473757
"1020","JPN",2000,25940.649299
"1021","JPN",2001,26563.093359
"1022","JPN",2002,27250.725177
"1023","JPN",2003,27959.562901
"1024","JPN",2004,29383.553108
"1025","JPN",2005,30445.637155
"1026","JPN",2006,31794.628926
"1027","JPN",2007,33319.326896
"1028","JPN",2008,33499.886734
"1029","JPN",2009,31860.599765
"1030","JPN",2010,33747.641999
"1031","JPN",2011,34312.114426
"1032","JPN",2012,35600.733728
"1033","JPN",2013,36224.939825
"1034","JPN",2014,36455.88494
"1035","KOR",1970,626.269499
"1036","KOR",1971,707.321945
"1037","KOR",1972,775.072532
"1038","KOR",1973,920.022199
"1039","KOR",1974,1080.013062
"1040","KOR",1975,1243.255728
"1041","KOR",1976,1460.833893
"1042","KOR",1977,1709.371744
"1043","KOR",1978,1991.651648
"1044","KOR",1979,2306.712724
"1045","KOR",1980,2438.589835
"1046","KOR",1981,2794.563652
"1047","KOR",1982,3173.709796
"1048","KOR",1983,3680.022655
"1049","KOR",1984,4155.518541
"1050","KOR",1985,4566.250186
"1051","KOR",1986,5165.81895
"1052","KOR",1987,5908.829139
"1053","KOR",1988,6802.391055
"1054","KOR",1989,7510.729649
"1055","KOR",1990,8447.217185
"1056","KOR",1991,9473.610989
"1057","KOR",1992,10171.220218
"1058","KOR",1993,10989.255235
"1059","KOR",1994,12179.537883
"1060","KOR",1995,13422.576132
"1061","KOR",1996,14465.67369
"1062","KOR",1997,15470.652424
"1063","KOR",1998,14629.626085
"1064","KOR",1999,16392.695045
"1065","KOR",2000,18091.531034
"1066","KOR",2001,19198.646813
"1067","KOR",2002,20785.023726
"1068","KOR",2003,21389.380633
"1069","KOR",2004,22968.011037
"1070","KOR",2005,24219.827606
"1071","KOR",2006,25863.186356
"1072","KOR",2007,27871.884701
"1073","KOR",2008,28717.867645
"1074","KOR",2009,28392.772017
"1075","KOR",2010,30465.479268
"1076","KOR",2011,31327.403809
"1077","KOR",2012,32022.025327
"1078","KOR",2013,33088.861936
"1079","KOR",2014,34355.699181
"1080","LTU",1995,6187.712435
"1081","LTU",1996,6639.849114
"1082","LTU",1997,7308.06269
"1083","LTU",1998,7994.834999
"1084","LTU",1999,8017.053674
"1085","LTU",2000,8697.849809
"1086","LTU",2001,9661.927367
"1087","LTU",2002,10732.651127
"1088","LTU",2003,12314.431242
"1089","LTU",2004,13255.112909
"1090","LTU",2005,14682.057758
"1091","LTU",2006,16739.331013
"1092","LTU",2007,19279.138546
"1093","LTU",2008,20796.893363
"1094","LTU",2009,18283.72639
"1095","LTU",2010,20071.257013
"1096","LTU",2011,22541.723658
"1097","LTU",2012,24098.676205
"1098","LTU",2013,25719.357209
"1099","LTU",2014,26745.946852
"1100","LUX",1970,5894.671769
"1101","LUX",1971,6299.776113
"1102","LUX",1972,6921.283927
"1103","LUX",1973,7816.5991
"1104","LUX",1974,8762.643443
"1105","LUX",1975,8847.860762
"1106","LUX",1976,9522.346171
"1107","LUX",1977,10251.850737
"1108","LUX",1978,11399.84513
"1109","LUX",1979,12599.14483
"1110","LUX",1980,13797.735757
"1111","LUX",1981,14961.68244
"1112","LUX",1982,16060.867209
"1113","LUX",1983,17189.369227
"1114","LUX",1984,18884.989046
"1115","LUX",1985,20000.581074
"1116","LUX",1986,22337.599583
"1117","LUX",1987,23658.441005
"1118","LUX",1988,26331.7704
"1119","LUX",1989,29741.571898
"1120","LUX",1990,32116.707912
"1121","LUX",1991,35570.10399
"1122","LUX",1992,36542.593838
"1123","LUX",1993,38435.048451
"1124","LUX",1994,40167.463413
"1125","LUX",1995,41013.573383
"1126","LUX",1996,42416.569764
"1127","LUX",1997,43026.406671
"1128","LUX",1998,45536.353276
"1129","LUX",1999,51652.806336
"1130","LUX",2000,56517.768926
"1131","LUX",2001,56172.800531
"1132","LUX",2002,59352.92517
"1133","LUX",2003,60830.740797
"1134","LUX",2004,65407.294833
"1135","LUX",2005,67002.979634
"1136","LUX",2006,77305.97707
"1137","LUX",2007,82732.656211
"1138","LUX",2008,84920.057285
"1139","LUX",2009,80264.556849
"1140","LUX",2010,84440.340584
"1141","LUX",2011,90888.713608
"1142","LUX",2012,91255.95616
"1143","LUX",2013,93233.738175
"1144","LUX",2014,97272.567201
"1145","LVA",1995,5955.773156
"1146","LVA",1996,6164.659814
"1147","LVA",1997,6839.865791
"1148","LVA",1998,7510.59909
"1149","LVA",1999,7659.670298
"1150","LVA",2000,8171.49681
"1151","LVA",2001,9029.005859
"1152","LVA",2002,10227.094211
"1153","LVA",2003,11327.313359
"1154","LVA",2004,12504.944539
"1155","LVA",2005,14119.453409
"1156","LVA",2006,16620.676385
"1157","LVA",2007,19000.550197
"1158","LVA",2008,19871.040477
"1159","LVA",2009,17099.837937
"1160","LVA",2010,17402.067965
"1161","LVA",2011,19914.645411
"1162","LVA",2012,21124.009324
"1163","LVA",2013,22502.522512
"1164","LVA",2014,22822.745301
"1165","MEX",1970,1676.373275
"1166","MEX",1971,1774.181183
"1167","MEX",1972,1942.952866
"1168","MEX",1973,2149.176304
"1169","MEX",1974,2407.136656
"1170","MEX",1975,2692.878082
"1171","MEX",1976,2873.90093
"1172","MEX",1977,3066.413102
"1173","MEX",1978,3453.116057
"1174","MEX",1979,3967.582773
"1175","MEX",1980,4541.634514
"1176","MEX",1981,5277.44552
"1177","MEX",1982,5438.724556
"1178","MEX",1983,5289.61951
"1179","MEX",1984,5551.098102
"1180","MEX",1985,5763.046483
"1181","MEX",1986,5542.877029
"1182","MEX",1987,5673.754611
"1183","MEX",1988,5827.241638
"1184","MEX",1989,6184.921651
"1185","MEX",1990,6609.109564
"1186","MEX",1991,6991.694945
"1187","MEX",1992,7287.064666
"1188","MEX",1993,7484.062667
"1189","MEX",1994,7856.109051
"1190","MEX",1995,7411.08757
"1191","MEX",1996,7820.474893
"1192","MEX",1997,8376.946685
"1193","MEX",1998,8778.239323
"1194","MEX",1999,9134.167831
"1195","MEX",2000,9974.276126
"1196","MEX",2001,10075.803623
"1197","MEX",2002,10318.857895
"1198","MEX",2003,10808.172045
"1199","MEX",2004,11438.331069
"1200","MEX",2005,12341.514467
"1201","MEX",2006,13504.750166
"1202","MEX",2007,14131.624557
"1203","MEX",2008,14743.300293
"1204","MEX",2009,14394.290813
"1205","MEX",2010,15139.407241
"1206","MEX",2011,16366.300712
"1207","MEX",2012,16808.21214
"1208","MEX",2013,16891.091157
"1209","MEX",2014,17830.718192
"1210","NLD",1969,4034.415023
"1211","NLD",1970,4345.532417
"1212","NLD",1971,4705.454326
"1213","NLD",1972,4980.878312
"1214","NLD",1973,5511.043986
"1215","NLD",1974,6213.190183
"1216","NLD",1975,6738.755596
"1217","NLD",1976,7387.890182
"1218","NLD",1977,7948.982667
"1219","NLD",1978,8653.554975
"1220","NLD",1979,9492.687686
"1221","NLD",1980,10599.167527
"1222","NLD",1981,11417.97124
"1223","NLD",1982,11921.486757
"1224","NLD",1983,12599.430712
"1225","NLD",1984,13394.62843
"1226","NLD",1985,14116.286687
"1227","NLD",1986,14722.134082
"1228","NLD",1987,15287.542945
"1229","NLD",1988,16260.784137
"1230","NLD",1989,17537.523739
"1231","NLD",1990,18818.962961
"1232","NLD",1991,19759.735545
"1233","NLD",1992,20400.606615
"1234","NLD",1993,20999.247057
"1235","NLD",1994,21950.535345
"1236","NLD",1995,22989.029142
"1237","NLD",1996,24156.283356
"1238","NLD",1997,25676.901542
"1239","NLD",1998,27352.278667
"1240","NLD",1999,28930.575827
"1241","NLD",2000,31543.465953
"1242","NLD",2001,32802.620765
"1243","NLD",2002,33954.4627
"1244","NLD",2003,33741.295693
"1245","NLD",2004,35423.999269
"1246","NLD",2005,37312.874329
"1247","NLD",2006,40853.556208
"1248","NLD",2007,43673.448081
"1249","NLD",2008,46156.041566
"1250","NLD",2009,44412.501794
"1251","NLD",2010,44752.114946
"1252","NLD",2011,46388.500348
"1253","NLD",2012,46386.974134
"1254","NLD",2013,46749.308799
"1255","NLD",2014,47634.755297
"1256","NOR",1970,3322.168458
"1257","NOR",1971,3665.137222
"1258","NOR",1972,3997.262183
"1259","NOR",1973,4375.876685
"1260","NOR",1974,4927.01208
"1261","NOR",1975,5620.224216
"1262","NOR",1976,6247.051807
"1263","NOR",1977,6882.606716
"1264","NOR",1978,7622.333816
"1265","NOR",1979,8582.347716
"1266","NOR",1980,9749.16501
"1267","NOR",1981,10789.681714
"1268","NOR",1982,11446.005428
"1269","NOR",1983,12332.030084
"1270","NOR",1984,13506.468522
"1271","NOR",1985,14672.766129
"1272","NOR",1986,15539.99372
"1273","NOR",1987,16142.267124
"1274","NOR",1988,16577.365059
"1275","NOR",1989,17320.815743
"1276","NOR",1990,18246.096196
"1277","NOR",1991,19344.685202
"1278","NOR",1992,20393.592126
"1279","NOR",1993,21343.974404
"1280","NOR",1994,22780.207132
"1281","NOR",1995,24109.507079
"1282","NOR",1996,26602.488323
"1283","NOR",1997,28496.810329
"1284","NOR",1998,27948.482336
"1285","NOR",1999,30407.372325
"1286","NOR",2000,36799.065892
"1287","NOR",2001,37786.209117
"1288","NOR",2002,37725.95459
"1289","NOR",2003,38991.113066
"1290","NOR",2004,43202.34828
"1291","NOR",2005,48370.017941
"1292","NOR",2006,54719.878503
"1293","NOR",2007,56900.937457
"1294","NOR",2008,62421.263849
"1295","NOR",2009,56205.468041
"1296","NOR",2010,58775.397178
"1297","NOR",2011,62737.796038
"1298","NOR",2012,66357.727096
"1299","NOR",2013,65635.29269
"1300","NOR",2014,64836.697644
"1301","NZL",1970,3844.117894
"1302","NZL",1971,4217.734294
"1303","NZL",1972,4591.078151
"1304","NZL",1973,4987.70585
"1305","NZL",1974,5618.921195
"1306","NZL",1975,6218.539645
"1307","NZL",1976,6528.212725
"1308","NZL",1977,6448.365554
"1309","NZL",1978,7201.414858
"1310","NZL",1979,7704.167488
"1311","NZL",1980,8461.787451
"1312","NZL",1981,9506.290709
"1313","NZL",1982,10332.485906
"1314","NZL",1983,11099.526039
"1315","NZL",1984,12121.825264
"1316","NZL",1985,12467.014893
"1317","NZL",1986,13209.174112
"1318","NZL",1987,13363.679613
"1319","NZL",1988,13727.630069
"1320","NZL",1989,14362.867473
"1321","NZL",1990,14637.283632
"1322","NZL",1991,14414.955373
"1323","NZL",1992,14799.498564
"1324","NZL",1993,15780.685949
"1325","NZL",1994,16907.320305
"1326","NZL",1995,17673.961856
"1327","NZL",1996,18221.426013
"1328","NZL",1997,18972.973111
"1329","NZL",1998,19243.576002
"1330","NZL",1999,20536.872865
"1331","NZL",2000,21524.659226
"1332","NZL",2001,22435.855055
"1333","NZL",2002,23209.2242
"1334","NZL",2003,23885.988506
"1335","NZL",2004,25005.061717
"1336","NZL",2005,25666.253734
"1337","NZL",2006,27589.452461
"1338","NZL",2007,29103.953171
"1339","NZL",2008,29481.561397
"1340","NZL",2009,30389.958172
"1341","NZL",2010,30942.10863
"1342","NZL",2011,32220.517456
"1343","NZL",2012,32860.663188
"1344","NZL",2013,34989.24018
"1345","NZL",2014,36810.028021
"1346","OECD",1970,3552.107088
"1347","OECD",1971,3825.473795
"1348","OECD",1972,4161.149778
"1349","OECD",1973,4606.822286
"1350","OECD",1974,5018.80843
"1351","OECD",1975,5441.048166
"1352","OECD",1976,5962.831856
"1353","OECD",1977,6503.836752
"1354","OECD",1978,7209.81604
"1355","OECD",1979,8036.874157
"1356","OECD",1980,8786.65424
"1357","OECD",1981,9737.677628
"1358","OECD",1982,10262.355145
"1359","OECD",1983,10896.285844
"1360","OECD",1984,11727.098041
"1361","OECD",1985,12474.497018
"1362","OECD",1986,13002.041573
"1363","OECD",1987,13718.815873
"1364","OECD",1988,14750.502708
"1365","OECD",1989,15792.153394
"1366","OECD",1990,16724.451053
"1367","OECD",1991,17369.106956
"1368","OECD",1992,18000.361011
"1369","OECD",1993,18534.575225
"1370","OECD",1994,19359.071237
"1371","OECD",1995,20083.75825
"1372","OECD",1996,20959.827273
"1373","OECD",1997,21954.988902
"1374","OECD",1998,22689.744482
"1375","OECD",1999,23611.295303
"1376","OECD",2000,25090.295722
"1377","OECD",2001,25906.618439
"1378","OECD",2002,26678.479381
"1379","OECD",2003,27484.219876
"1380","OECD",2004,28971.673135
"1381","OECD",2005,30479.080609
"1382","OECD",2006,32492.340776
"1383","OECD",2007,34035.265802
"1384","OECD",2008,34808.982169
"1385","OECD",2009,33859.520751
"1386","OECD",2010,35053.357251
"1387","OECD",2011,36346.95784
"1388","OECD",2012,37134.722937
"1389","OECD",2013,37815.069145
"1390","OECD",2014,38864.554115
"1391","OECDE",1970,3488.818118
"1392","OECDE",1971,3772.059258
"1393","OECDE",1972,4089.983096
"1394","OECDE",1973,4538.854471
"1395","OECDE",1974,5020.497789
"1396","OECDE",1975,5404.371087
"1397","OECDE",1976,5941.26674
"1398","OECDE",1977,6458.058495
"1399","OECDE",1978,7095.405807
"1400","OECDE",1979,7923.979007
"1401","OECDE",1980,8718.42441
"1402","OECDE",1981,9535.863142
"1403","OECDE",1982,10179.732283
"1404","OECDE",1983,10745.95933
"1405","OECDE",1984,11376.451528
"1406","OECDE",1985,12004.097575
"1407","OECDE",1986,12536.412207
"1408","OECDE",1987,13236.408439
"1409","OECDE",1988,14222.981199
"1410","OECDE",1989,15235.963596
"1411","OECDE",1990,16200.005969
"1412","OECDE",1991,16939.966162
"1413","OECDE",1992,17451.458357
"1414","OECDE",1993,17800.797634
"1415","OECDE",1994,18497.24894
"1416","OECDE",1995,19268.980359
"1417","OECDE",1996,20013.207434
"1418","OECDE",1997,20903.995927
"1419","OECDE",1998,21755.232551
"1420","OECDE",1999,22446.18135
"1421","OECDE",2000,24006.065654
"1422","OECDE",2001,24995.842898
"1423","OECDE",2002,25751.973561
"1424","OECDE",2003,26233.586934
"1425","OECDE",2004,27501.547114
"1426","OECDE",2005,28789.757857
"1427","OECDE",2006,31182.473097
"1428","OECDE",2007,32808.409922
"1429","OECDE",2008,34048.473442
"1430","OECDE",2009,33030.641508
"1431","OECDE",2010,33932.96849
"1432","OECDE",2011,35320.078367
"1433","OECDE",2012,35576.934922
"1434","OECDE",2013,35991.018825
"1435","OECDE",2014,36861.934427
"1436","POL",1990,6132.836745
"1437","POL",1991,5880.346329
"1438","POL",1992,6155.310176
"1439","POL",1993,6529.126374
"1440","POL",1994,7015.312073
"1441","POL",1995,7654.99467
"1442","POL",1996,8293.775228
"1443","POL",1997,8975.939183
"1444","POL",1998,9543.907089
"1445","POL",1999,10110.428348
"1446","POL",2000,10611.460165
"1447","POL",2001,10963.797561
"1448","POL",2002,11591.782099
"1449","POL",2003,12046.866283
"1450","POL",2004,13053.778291
"1451","POL",2005,13808.435774
"1452","POL",2006,15156.69938
"1453","POL",2007,16894.057741
"1454","POL",2008,18050.771798
"1455","POL",2009,19144.927617
"1456","POL",2010,20611.732348
"1457","POL",2011,22249.514793
"1458","POL",2012,23054.428988
"1459","POL",2013,23616.150692
"1460","POL",2014,24430.37814
"1461","PRT",1970,1979.918771
"1462","PRT",1971,2237.931374
"1463","PRT",1972,2525.769933
"1464","PRT",1973,2960.476504
"1465","PRT",1974,3218.199886
"1466","PRT",1975,3238.000328
"1467","PRT",1976,3549.185734
"1468","PRT",1977,3938.416666
"1469","PRT",1978,4286.94412
"1470","PRT",1979,4850.2964
"1471","PRT",1980,5470.958326
"1472","PRT",1981,6026.671327
"1473","PRT",1982,6497.007193
"1474","PRT",1983,6712.734385
"1475","PRT",1984,6797.013975
"1476","PRT",1985,7195.590408
"1477","PRT",1986,7644.725321
"1478","PRT",1987,8354.252315
"1479","PRT",1988,9318.530557
"1480","PRT",1989,10336.496272
"1481","PRT",1990,11185.057061
"1482","PRT",1991,12096.443835
"1483","PRT",1992,12512.005188
"1484","PRT",1993,12533.98807
"1485","PRT",1994,12893.20773
"1486","PRT",1995,13686.9478
"1487","PRT",1996,14196.644261
"1488","PRT",1997,15058.931085
"1489","PRT",1998,15812.339914
"1490","PRT",1999,16806.133844
"1491","PRT",2000,17852.131652
"1492","PRT",2001,18584.509758
"1493","PRT",2002,19331.773785
"1494","PRT",2003,19821.912198
"1495","PRT",2004,20302.978552
"1496","PRT",2005,22072.707119
"1497","PRT",2006,23887.005959
"1498","PRT",2007,25224.028485
"1499","PRT",2008,26095.74068
"1500","PRT",2009,26217.357872
"1501","PRT",2010,26924.421174
"1502","PRT",2011,26932.320085
"1503","PRT",2012,27000.508855
"1504","PRT",2013,27651.245172
"1505","PRT",2014,28382.468992
"1506","RUS",1995,5605.874784
"1507","RUS",1996,5510.28482
"1508","RUS",1997,5691.393831
"1509","RUS",1998,5454.686721
"1510","RUS",1999,5908.14242
"1511","RUS",2000,6818.302418
"1512","RUS",2001,7359.873857
"1513","RUS",2002,8029.097385
"1514","RUS",2003,9253.554829
"1515","RUS",2004,10231.409074
"1516","RUS",2005,11822.34781
"1517","RUS",2006,14916.175606
"1518","RUS",2007,16648.589908
"1519","RUS",2008,20163.604521
"1520","RUS",2009,19386.595339
"1521","RUS",2010,20497.950892
"1522","RUS",2011,22569.809562
"1523","RUS",2012,24068.750901
"1524","RUS",2013,25150.88357
"1525","SAU",1990,22825.674024
"1526","SAU",1991,24911.38937
"1527","SAU",1992,25850.122955
"1528","SAU",1993,25735.06865
"1529","SAU",1994,25819.623365
"1530","SAU",1995,25884.446947
"1531","SAU",1996,26842.817552
"1532","SAU",1997,27697.669606
"1533","SAU",1998,28460.102363
"1534","SAU",1999,28157.27714
"1535","SAU",2000,29412.627032
"1536","SAU",2001,29169.53533
"1537","SAU",2002,28387.106282
"1538","SAU",2003,29944.734264
"1539","SAU",2004,32034.222478
"1540","SAU",2005,34238.668173
"1541","SAU",2006,36257.967504
"1542","SAU",2007,38622.910938
"1543","SAU",2008,41965.920678
"1544","SAU",2009,42371.416619
"1545","SAU",2010,45291.623657
"1546","SAU",2011,49229.772522
"1547","SAU",2012,52015.925335
"1548","SAU",2013,53712.815793
"1549","SVK",1992,7007.114215
"1550","SVK",1993,7285.514543
"1551","SVK",1994,7869.918759
"1552","SVK",1995,8477.439656
"1553","SVK",1996,9213.225704
"1554","SVK",1997,9962.664312
"1555","SVK",1998,10512.065721
"1556","SVK",1999,10569.401407
"1557","SVK",2000,11136.662981
"1558","SVK",2001,12232.184508
"1559","SVK",2002,13132.543554
"1560","SVK",2003,13889.455755
"1561","SVK",2004,14964.545539
"1562","SVK",2005,16481.666881
"1563","SVK",2006,18760.014149
"1564","SVK",2007,21354.274268
"1565","SVK",2008,23727.537513
"1566","SVK",2009,23045.616369
"1567","SVK",2010,24324.883992
"1568","SVK",2011,25168.75326
"1569","SVK",2012,25808.681574
"1570","SVK",2013,26585.650199
"1571","SVK",2014,27711.182174
"1572","SVN",1995,13250.578202
"1573","SVN",1996,14038.75114
"1574","SVN",1997,15072.131025
"1575","SVN",1998,15950.995016
"1576","SVN",1999,16991.894272
"1577","SVN",2000,17878.12516
"1578","SVN",2001,18793.212614
"1579","SVN",2002,20122.921573
"1580","SVN",2003,20937.852823
"1581","SVN",2004,22692.600967
"1582","SVN",2005,23883.773963
"1583","SVN",2006,25872.642105
"1584","SVN",2007,27670.353976
"1585","SVN",2008,29588.546147
"1586","SVN",2009,27488.291079
"1587","SVN",2010,27585.508191
"1588","SVN",2011,28513.498679
"1589","SVN",2012,28441.389319
"1590","SVN",2013,28675.429454
"1591","SVN",2014,29968.743758
"1592","SWE",1970,4838.272555
"1593","SWE",1971,5097.126893
"1594","SWE",1972,5423.436596
"1595","SWE",1973,5934.50083
"1596","SWE",1974,6654.838346
"1597","SWE",1975,7428.577726
"1598","SWE",1976,7890.376976
"1599","SWE",1977,8217.048191
"1600","SWE",1978,8922.078572
"1601","SWE",1979,10006.580949
"1602","SWE",1980,11073.155784
"1603","SWE",1981,12147.364952
"1604","SWE",1982,13054.224995
"1605","SWE",1983,13820.951316
"1606","SWE",1984,14902.310843
"1607","SWE",1985,15686.952944
"1608","SWE",1986,16394.842712
"1609","SWE",1987,17319.102437
"1610","SWE",1988,18301.331692
"1611","SWE",1989,19386.666352
"1612","SWE",1990,20099.286699
"1613","SWE",1991,20392.151705
"1614","SWE",1992,20494.041701
"1615","SWE",1993,20428.748172
"1616","SWE",1994,21562.728281
"1617","SWE",1995,22778.463244
"1618","SWE",1996,23621.430396
"1619","SWE",1997,24523.264971
"1620","SWE",1998,25562.920267
"1621","SWE",1999,27184.504578
"1622","SWE",2000,29384.56654
"1623","SWE",2001,29811.23958
"1624","SWE",2002,30790.360151
"1625","SWE",2003,32061.705685
"1626","SWE",2004,34269.114766
"1627","SWE",2005,34332.218486
"1628","SWE",2006,37594.485891
"1629","SWE",2007,40564.963809
"1630","SWE",2008,41881.010986
"1631","SWE",2009,39670.001837
"1632","SWE",2010,41727.290302
"1633","SWE",2011,43709.272876
"1634","SWE",2012,43869.262881
"1635","SWE",2013,44585.874524
"1636","SWE",2014,45152.522151
"1637","TUR",1970,1259.005642
"1638","TUR",1971,1362.120309
"1639","TUR",1972,1488.920442
"1640","TUR",1973,1581.120168
"1641","TUR",1974,1774.614137
"1642","TUR",1975,2024.035633
"1643","TUR",1976,2310.286235
"1644","TUR",1977,2485.326785
"1645","TUR",1978,2644.62261
"1646","TUR",1979,2786.915275
"1647","TUR",1980,2903.388356
"1648","TUR",1981,3248.022183
"1649","TUR",1982,3484.585105
"1650","TUR",1983,3708.74485
"1651","TUR",1984,3997.370722
"1652","TUR",1985,4194.599713
"1653","TUR",1986,4474.987784
"1654","TUR",1987,4939.02117
"1655","TUR",1988,5132.322907
"1656","TUR",1989,5254.149031
"1657","TUR",1990,5852.548351
"1658","TUR",1991,6001.591265
"1659","TUR",1992,6399.446832
"1660","TUR",1993,6965.285931
"1661","TUR",1994,6619.807772
"1662","TUR",1995,7132.446609
"1663","TUR",1996,7679.789288
"1664","TUR",1997,8290.43443
"1665","TUR",1998,8566.88198
"1666","TUR",1999,8170.907833
"1667","TUR",2000,9176.582634
"1668","TUR",2001,8619.41191
"1669","TUR",2002,8667.034783
"1670","TUR",2003,8806.407885
"1671","TUR",2004,10167.914206
"1672","TUR",2005,11394.035004
"1673","TUR",2006,12904.779558
"1674","TUR",2007,13896.361536
"1675","TUR",2008,15021.362895
"1676","TUR",2009,14495.357386
"1677","TUR",2010,16001.401253
"1678","TUR",2011,17692.266396
"1679","TUR",2012,18001.841539
"1680","TUR",2013,18599.265879
"1681","TUR",2014,19027.412092
"1682","USA",1970,5245.93713
"1683","USA",1971,5622.604626
"1684","USA",1972,6109.110916
"1685","USA",1973,6740.378128
"1686","USA",1974,7240.951295
"1687","USA",1975,7819.775814
"1688","USA",1976,8609.38804
"1689","USA",1977,9469.156426
"1690","USA",1978,10585.193304
"1691","USA",1979,11692.904676
"1692","USA",1980,12569.952487
"1693","USA",1981,13960.192689
"1694","USA",1982,14404.529365
"1695","USA",1983,15525.500036
"1696","USA",1984,17093.043817
"1697","USA",1985,18224.841304
"1698","USA",1986,19071.371888
"1699","USA",1987,20055.002615
"1700","USA",1988,21433.965421
"1701","USA",1989,22869.807225
"1702","USA",1990,23901.051639
"1703","USA",1991,24352.31728
"1704","USA",1992,25452.468064
"1705","USA",1993,26427.943538
"1706","USA",1994,27741.94834
"1707","USA",1995,28748.705868
"1708","USA",1996,30032.556708
"1709","USA",1997,31537.873959
"1710","USA",1998,32913.403391
"1711","USA",1999,34585.233131
"1712","USA",2000,36419.447022
"1713","USA",2001,37240.15777
"1714","USA",2002,38122.324669
"1715","USA",2003,39606.470171
"1716","USA",2004,41856.5242
"1717","USA",2005,44236.606947
"1718","USA",2006,46368.987143
"1719","USA",2007,47987.494034
"1720","USA",2008,48330.061765
"1721","USA",2009,46929.888686
"1722","USA",2010,48302.083871
"1723","USA",2011,49709.538331
"1724","USA",2012,51368.22311
"1725","USA",2013,52591.882944
"1726","USA",2014,54353.192469
"1727","ZAF",1985,5699.29117
"1728","ZAF",1986,5683.360554
"1729","ZAF",1987,5820.282739
"1730","ZAF",1988,6132.482625
"1731","ZAF",1989,6380.450673
"1732","ZAF",1990,6464.682089
"1733","ZAF",1991,6465.43938
"1734","ZAF",1992,6333.21748
"1735","ZAF",1993,6419.0822
"1736","ZAF",1994,6622.4131
"1737","ZAF",1995,6825.48831
"1738","ZAF",1996,7093.372411
"1739","ZAF",1997,7251.181525
"1740","ZAF",1998,7234.928753
"1741","ZAF",1999,7378.983559
"1742","ZAF",2000,7732.700449
"1743","ZAF",2001,7995.825856
"1744","ZAF",2002,8408.423106
"1745","ZAF",2003,8737.083402
"1746","ZAF",2004,9276.795309
"1747","ZAF",2005,9945.875422
"1748","ZAF",2006,10651.507677
"1749","ZAF",2007,11441.279072
"1750","ZAF",2008,11956.9777
"1751","ZAF",2009,11598.133704
"1752","ZAF",2010,11772.301595
"1753","ZAF",2011,12291.726208
"1754","ZAF",2012,12714.73623
"1755","ZAF",2013,13002.322237
"1756","ZAF",2014,13146.40287
