"","location","TIME","gdp_per_capita"
"1","AUS",1989,16680.824244
"2","AUS",1989.25,17120.528237
"3","AUS",1989.5,17325.770022
"4","AUS",1989.75,17310.547007
"5","AUS",1990,17603.660926
"6","AUS",1990.25,17743.301746
"7","AUS",1990.5,17746.723386
"8","AUS",1990.75,17905.898135
"9","AUS",1991,17724.682977
"10","AUS",1991.25,17748.717047
"11","AUS",1991.5,17881.622962
"12","AUS",1991.75,17984.610389
"13","AUS",1992,18188.694197
"14","AUS",1992.25,18430.924881
"15","AUS",1992.5,18659.829415
"16","AUS",1992.75,19130.968107
"17","AUS",1993,19358.191026
"18","AUS",1993.25,19541.089844
"19","AUS",1993.5,19613.617447
"20","AUS",1993.75,20016.061808
"21","AUS",1994,20379.021864
"22","AUS",1994.25,20671.964659
"23","AUS",1994.5,20932.018434
"24","AUS",1994.75,21130.177652
"25","AUS",1995,21294.157898
"26","AUS",1995.25,21509.139617
"27","AUS",1995.5,21944.822619
"28","AUS",1995.75,22066.737076
"29","AUS",1996,22504.044511
"30","AUS",1996.25,22553.574032
"31","AUS",1996.5,22790.506259
"32","AUS",1996.75,22967.391411
"33","AUS",1997,23070.473414
"34","AUS",1997.25,23791.494632
"35","AUS",1997.5,23847.862939
"36","AUS",1997.75,24266.864394
"37","AUS",1998,24371.814721
"38","AUS",1998.25,24764.030139
"39","AUS",1998.5,25216.982695
"40","AUS",1998.75,25548.592286
"41","AUS",1999,25711.70242
"42","AUS",1999.25,25863.366615
"43","AUS",1999.5,26165.245005
"44","AUS",1999.75,26596.779584
"45","AUS",2000,27141.811373
"46","AUS",2000.25,27489.557863
"47","AUS",2000.5,27628.442831
"48","AUS",2000.75,27601.769383
"49","AUS",2001,27895.478507
"50","AUS",2001.25,28245.224417
"51","AUS",2001.5,28570.706128
"52","AUS",2001.75,28955.351303
"53","AUS",2002,29279.323118
"54","AUS",2002.25,29844.143761
"55","AUS",2002.5,30024.632082
"56","AUS",2002.75,30344.675443
"57","AUS",2003,30369.547794
"58","AUS",2003.25,30554.993268
"59","AUS",2003.5,31101.432905
"60","AUS",2003.75,31700.394048
"61","AUS",2004,32136.364258
"62","AUS",2004.25,32500.983876
"63","AUS",2004.5,32857.248634
"64","AUS",2004.75,33195.151483
"65","AUS",2005,33570.841738
"66","AUS",2005.25,33882.952828
"67","AUS",2005.5,34498.334132
"68","AUS",2005.75,35006.142988
"69","AUS",2006,35340.770589
"70","AUS",2006.25,35669.20323
"71","AUS",2006.5,36246.778743
"72","AUS",2006.75,36773.623529
"73","AUS",2007,37502.058575
"74","AUS",2007.25,37844.726587
"75","AUS",2007.5,38154.42648
"76","AUS",2007.75,38353.939669
"77","AUS",2008,38803.771708
"78","AUS",2008.25,39009.133228
"79","AUS",2008.5,39544.672932
"80","AUS",2008.75,39362.960925
"81","AUS",2009,40024.080824
"82","AUS",2009.25,40202.266603
"83","AUS",2009.5,40216.896122
"84","AUS",2009.75,40398.908397
"85","AUS",2010,40334.455139
"86","AUS",2010.25,40571.378263
"87","AUS",2010.5,41025.62285
"88","AUS",2010.75,41877.5635
"89","AUS",2011,42351.916913
"90","AUS",2011.25,43145.035955
"91","AUS",2011.5,43516.206141
"92","AUS",2011.75,43192.404415
"93","AUS",2012,42633.692695
"94","AUS",2012.25,42426.308417
"95","AUS",2012.5,42852.980755
"96","AUS",2012.75,43749.936125
"97","AUS",2013,45130.782992
"98","AUS",2013.25,46248.691437
"99","AUS",2013.5,46844.212039
"100","AUS",2013.75,46978.578099
"101","AUS",2014,46549.609207
"102","AUS",2014.25,46306.855743
"103","AUS",2014.5,46172.385477
"104","AUS",2014.75,46163.395502
"105","AUS",2015,46561.231871
"106","AUS",2015.25,46938.994339
"107","AUT",1995,23491.127572
"108","AUT",1995.25,23689.560089
"109","AUT",1995.5,23833.076036
"110","AUT",1995.75,23991.88618
"111","AUT",1996,24171.089194
"112","AUT",1996.25,24446.452531
"113","AUT",1996.5,24604.996373
"114","AUT",1996.75,24845.83858
"115","AUT",1997,25059.559206
"116","AUT",1997.25,25193.80147
"117","AUT",1997.5,25706.044698
"118","AUT",1997.75,26181.511466
"119","AUT",1998,26425.777981
"120","AUT",1998.25,26768.790804
"121","AUT",1998.5,26820.432074
"122","AUT",1998.75,26885.807321
"123","AUT",1999,27139.922975
"124","AUT",1999.25,27406.351602
"125","AUT",1999.5,27861.192144
"126","AUT",1999.75,28408.460421
"127","AUT",2000,28944.994323
"128","AUT",2000.25,29542.66346
"129","AUT",2000.5,29797.655189
"130","AUT",2000.75,30163.954236
"131","AUT",2001,29909.697701
"132","AUT",2001.25,29769.471349
"133","AUT",2001.5,29746.932374
"134","AUT",2001.75,30085.578626
"135","AUT",2002,30748.137042
"136","AUT",2002.25,31179.075826
"137","AUT",2002.5,31458.457874
"138","AUT",2002.75,31686.236657
"139","AUT",2003,31975.877729
"140","AUT",2003.25,32034.575518
"141","AUT",2003.5,32320.302671
"142","AUT",2003.75,32592.846155
"143","AUT",2004,33317.908242
"144","AUT",2004.25,33753.655826
"145","AUT",2004.5,33965.528189
"146","AUT",2004.75,33868.546778
"147","AUT",2005,33948.04737
"148","AUT",2005.25,34357.684174
"149","AUT",2005.5,34834.039761
"150","AUT",2005.75,35633.227475
"151","AUT",2006,36679.913436
"152","AUT",2006.25,37515.398823
"153","AUT",2006.5,38084.699332
"154","AUT",2006.75,38576.506869
"155","AUT",2007,38841.611784
"156","AUT",2007.25,39340.694829
"157","AUT",2007.5,39219.817593
"158","AUT",2007.75,39654.688196
"159","AUT",2008,40793.23004
"160","AUT",2008.25,41148.590436
"161","AUT",2008.5,41381.152571
"162","AUT",2008.75,40846.753448
"163","AUT",2009,40455.634349
"164","AUT",2009.25,40220.300847
"165","AUT",2009.5,40545.477982
"166","AUT",2009.75,41259.524797
"167","AUT",2010,40743.453369
"168","AUT",2010.25,41704.840082
"169","AUT",2010.5,42254.466853
"170","AUT",2010.75,42669.911769
"171","AUT",2011,43641.65894
"172","AUT",2011.25,43880.544359
"173","AUT",2011.5,44297.768115
"174","AUT",2011.75,44398.942439
"175","AUT",2012,45324.925112
"176","AUT",2012.25,45553.163806
"177","AUT",2012.5,46157.9901
"178","AUT",2012.75,46466.60453
"179","AUT",2013,46856.452163
"180","AUT",2013.25,47323.034912
"181","AUT",2013.5,47621.156902
"182","AUT",2013.75,47840.269773
"183","AUT",2014,47900.460688
"184","AUT",2014.25,47769.607253
"185","AUT",2014.5,47776.712344
"186","AUT",2014.75,47480.756035
"187","AUT",2015,47589.661306
"188","AUT",2015.25,47777.00072
"189","AUT",2015.5,47749.321916
"190","BEL",1995,22604.841126
"191","BEL",1995.25,22787.228597
"192","BEL",1995.5,22997.73574
"193","BEL",1995.75,23100.182167
"194","BEL",1996,23075.640517
"195","BEL",1996.25,23215.978498
"196","BEL",1996.5,23289.081899
"197","BEL",1996.75,23519.39914
"198","BEL",1997,23867.068657
"199","BEL",1997.25,24230.382304
"200","BEL",1997.5,24468.162199
"201","BEL",1997.75,24648.199256
"202","BEL",1998,24738.363002
"203","BEL",1998.25,24804.122981
"204","BEL",1998.5,24874.148617
"205","BEL",1998.75,24909.044941
"206","BEL",1999,25203.472855
"207","BEL",1999.25,25608.079286
"208","BEL",1999.5,26146.35115
"209","BEL",1999.75,26784.963483
"210","BEL",2000,27565.804247
"211","BEL",2000.25,28139.724892
"212","BEL",2000.5,28548.066103
"213","BEL",2000.75,28940.078208
"214","BEL",2001,28997.166477
"215","BEL",2001.25,29148.463884
"216","BEL",2001.5,29237.841514
"217","BEL",2001.75,29471.743748
"218","BEL",2002,30157.547595
"219","BEL",2002.25,30701.320159
"220","BEL",2002.5,31038.80121
"221","BEL",2002.75,31215.223392
"222","BEL",2003,31102.587444
"223","BEL",2003.25,30999.108756
"224","BEL",2003.5,31024.071551
"225","BEL",2003.75,31123.918253
"226","BEL",2004,31621.944395
"227","BEL",2004.25,31930.733575
"228","BEL",2004.5,32149.838188
"229","BEL",2004.75,32245.25452
"230","BEL",2005,32504.076255
"231","BEL",2005.25,32783.061691
"232","BEL",2005.5,33185.203859
"233","BEL",2005.75,33762.893429
"234","BEL",2006,34447.757549
"235","BEL",2006.25,34890.027544
"236","BEL",2006.5,35354.420046
"237","BEL",2006.75,35663.662807
"238","BEL",2007,36247.949471
"239","BEL",2007.25,36383.877275
"240","BEL",2007.5,36685.133928
"241","BEL",2007.75,37050.711856
"242","BEL",2008,37665.716528
"243","BEL",2008.25,38030.362236
"244","BEL",2008.5,38193.929337
"245","BEL",2008.75,37529.224402
"246","BEL",2009,37327.385456
"247","BEL",2009.25,37306.144148
"248","BEL",2009.5,37748.20971
"249","BEL",2009.75,38230.649002
"250","BEL",2010,38548.281322
"251","BEL",2010.25,39155.345483
"252","BEL",2010.5,39547.284582
"253","BEL",2010.75,39960.158079
"254","BEL",2011,40573.471844
"255","BEL",2011.25,41039.428322
"256","BEL",2011.5,41357.499537
"257","BEL",2011.75,41504.408587
"258","BEL",2012,41861.191703
"259","BEL",2012.25,42023.899535
"260","BEL",2012.5,42316.065976
"261","BEL",2012.75,42638.855378
"262","BEL",2013,42961.449691
"263","BEL",2013.25,43283.440505
"264","BEL",2013.5,43539.715226
"265","BEL",2013.75,43656.406507
"266","BEL",2014,43654.786715
"267","BEL",2014.25,43703.223594
"268","BEL",2014.5,43807.654646
"269","BEL",2014.75,43723.354916
"270","BEL",2015,43752.522947
"271","BEL",2015.25,44071.866078
"272","BEL",2015.5,44170.538378
"273","CAN",1995,23303.161702
"274","CAN",1995.25,23358.878227
"275","CAN",1995.5,23427.881619
"276","CAN",1995.75,23562.521271
"277","CAN",1996,23661.645583
"278","CAN",1996.25,23861.310777
"279","CAN",1996.5,24060.013605
"280","CAN",1996.75,24294.906909
"281","CAN",1997,24734.100022
"282","CAN",1997.25,25024.462076
"283","CAN",1997.5,25338.293037
"284","CAN",1997.75,25587.237862
"285","CAN",1998,25954.736369
"286","CAN",1998.25,25980.020866
"287","CAN",1998.5,26266.876936
"288","CAN",1998.75,26659.6908
"289","CAN",1999,27284.656822
"290","CAN",1999.25,27549.140708
"291","CAN",1999.5,27951.235871
"292","CAN",1999.75,28303.441515
"293","CAN",2000,28809.339092
"294","CAN",2000.25,29170.529324
"295","CAN",2000.5,29538.815914
"296","CAN",2000.75,29681.159827
"297","CAN",2001,30064.303422
"298","CAN",2001.25,30282.087646
"299","CAN",2001.5,30194.572246
"300","CAN",2001.75,30240.214793
"301","CAN",2002,30555.989947
"302","CAN",2002.25,30675.388133
"303","CAN",2002.5,30996.787791
"304","CAN",2002.75,31372.372921
"305","CAN",2003,31951.139401
"306","CAN",2003.25,32092.668308
"307","CAN",2003.5,32370.065468
"308","CAN",2003.75,32634.70924
"309","CAN",2004,33008.558961
"310","CAN",2004.25,33588.465542
"311","CAN",2004.5,34149.878
"312","CAN",2004.75,34665.086944
"313","CAN",2005,35287.199247
"314","CAN",2005.25,35884.803048
"315","CAN",2005.5,36648.693626
"316","CAN",2005.75,37195.730979
"317","CAN",2006,37698.527298
"318","CAN",2006.25,37901.78139
"319","CAN",2006.5,38137.115716
"320","CAN",2006.75,38281.412964
"321","CAN",2007,38922.943006
"322","CAN",2007.25,39456.051826
"323","CAN",2007.5,39668.368518
"324","CAN",2007.75,39809.768789
"325","CAN",2008,40066.859824
"326","CAN",2008.25,40331.650013
"327","CAN",2008.5,40782.028111
"328","CAN",2008.75,40154.748562
"329","CAN",2009,39171.666274
"330","CAN",2009.25,38519.678615
"331","CAN",2009.5,38532.650311
"332","CAN",2009.75,38976.167254
"333","CAN",2010,39581.867297
"334","CAN",2010.25,39903.944096
"335","CAN",2010.5,40252.166587
"336","CAN",2010.75,40757.711999
"337","CAN",2011,41168.032483
"338","CAN",2011.25,41381.513159
"339","CAN",2011.5,41928.924209
"340","CAN",2011.75,41963.88104
"341","CAN",2012,41864.613392
"342","CAN",2012.25,42025.677131
"343","CAN",2012.5,42290.14323
"344","CAN",2012.75,42656.321735
"345","CAN",2013,43694.294692
"346","CAN",2013.25,44182.5684
"347","CAN",2013.5,44607.382713
"348","CAN",2013.75,44927.853747
"349","CAN",2014,44746.700437
"350","CAN",2014.25,45055.119154
"351","CAN",2014.5,45183.831762
"352","CAN",2014.75,45372.349639
"353","CAN",2015,45356.708865
"354","CAN",2015.25,45591.435692
"355","CHE",1991.25,26930.331428
"356","CHE",1992.25,27371.895804
"357","CHE",1993.25,27551.242629
"358","CHE",1994.25,28197.955511
"359","CHE",1995.25,28501.789283
"360","CHE",1996.25,29375.098084
"361","CHE",1997.25,30386.402068
"362","CHE",1998.25,31754.786582
"363","CHE",1999.25,31930.538928
"364","CHE",2000.25,33952.219696
"365","CHE",2001.25,35066.208789
"366","CHE",2002.25,36166.771283
"367","CHE",2003.25,35859.240186
"368","CHE",2004.25,37449.696544
"369","CHE",2005.25,38390.506418
"370","CHE",2006.25,42635.723329
"371","CHE",2007.25,46797.603615
"372","CHE",2008.25,50105.612297
"373","CHE",2009.25,49452.062006
"374","CHE",2010,50698.375794
"375","CHE",2010.25,51192.40491
"376","CHE",2010.5,51722.400953
"377","CHE",2010.75,52619.952819
"378","CHE",2011,53277.168517
"379","CHE",2011.25,54499.130573
"380","CHE",2011.5,55037.127628
"381","CHE",2011.75,55739.808314
"382","CHE",2012,56192.528741
"383","CHE",2012.25,56833.165524
"384","CHE",2012.5,57651.984134
"385","CHE",2012.75,58322.475739
"386","CHE",2013,58770.262417
"387","CHE",2013.25,59469.224962
"388","CHE",2013.5,59704.213036
"389","CHE",2013.75,59704.135724
"390","CHE",2014,59511.002324
"391","CHE",2014.25,59360.586401
"392","CHE",2014.5,59601.523476
"393","CHE",2014.75,59833.042885
"394","CHE",2015,59676.890766
"395","CHE",2015.25,60055.671341
"396","CHE",2015.5,60226.106915
"397","CHL",1996,8025.183226
"398","CHL",1996.25,8156.556537
"399","CHL",1996.5,8271.011981
"400","CHL",1996.75,8408.479873
"401","CHL",1997,8527.718309
"402","CHL",1997.25,8729.694059
"403","CHL",1997.5,8951.103024
"404","CHL",1997.75,9151.752441
"405","CHL",1998,9120.807181
"406","CHL",1998.25,9303.954726
"407","CHL",1998.5,9267.707513
"408","CHL",1998.75,8934.186096
"409","CHL",1999,8906.029214
"410","CHL",1999.25,8918.47428
"411","CHL",1999.5,9139.787954
"412","CHL",1999.75,9357.891539
"413","CHL",2000,9440.406689
"414","CHL",2000.25,9461.524079
"415","CHL",2000.5,9629.448948
"416","CHL",2000.75,9767.678719
"417","CHL",2001,9897.462853
"418","CHL",2001.25,10000.629692
"419","CHL",2001.5,9923.349365
"420","CHL",2001.75,9998.521386
"421","CHL",2002,10069.985546
"422","CHL",2002.25,10074.957091
"423","CHL",2002.5,10208.036823
"424","CHL",2002.75,10545.331232
"425","CHL",2003,10551.059655
"426","CHL",2003.25,10716.247454
"427","CHL",2003.5,10892.592808
"428","CHL",2003.75,10993.868792
"429","CHL",2004,11314.74101
"430","CHL",2004.25,11552.181113
"431","CHL",2004.5,11866.684006
"432","CHL",2004.75,12056.035665
"433","CHL",2005,12030.869125
"434","CHL",2005.25,12267.89244
"435","CHL",2005.5,12899.447002
"436","CHL",2005.75,13520.388524
"437","CHL",2006,14376.79268
"438","CHL",2006.25,15242.710019
"439","CHL",2006.5,15945.882208
"440","CHL",2006.75,16459.051895
"441","CHL",2007,16711.769052
"442","CHL",2007.25,16758.420686
"443","CHL",2007.5,16661.844672
"444","CHL",2007.75,16681.388013
"445","CHL",2008,16671.450279
"446","CHL",2008.25,16427.575416
"447","CHL",2008.5,16279.031673
"448","CHL",2008.75,15903.966752
"449","CHL",2009,15727.847717
"450","CHL",2009.25,15831.00764
"451","CHL",2009.5,16225.859526
"452","CHL",2009.75,16714.811227
"453","CHL",2010,16841.506457
"454","CHL",2010.25,17945.419262
"455","CHL",2010.5,18726.930071
"456","CHL",2010.75,19135.793513
"457","CHL",2011,19630.995433
"458","CHL",2011.25,20018.614361
"459","CHL",2011.5,20279.551109
"460","CHL",2011.75,20839.13216
"461","CHL",2012,21018.430277
"462","CHL",2012.25,21320.826247
"463","CHL",2012.5,21340.353501
"464","CHL",2012.75,21489.718607
"465","CHL",2013,21420.965637
"466","CHL",2013.25,21141.866487
"467","CHL",2013.5,21397.547895
"468","CHL",2013.75,21375.309743
"469","CHL",2014,21666.238872
"470","CHL",2014.25,21803.857685
"471","CHL",2014.5,22066.951841
"472","CHL",2014.75,22375.369941
"473","CHL",2015,22781.163319
"474","CHL",2015.25,23050.643132
"475","CHL",2015.5,23390.960143
"476","CZE",1995,13570.140582
"477","CZE",1995.25,13598.098675
"478","CZE",1995.5,14013.861452
"479","CZE",1995.75,13971.312377
"480","CZE",1996,14454.529904
"481","CZE",1996.25,14630.45142
"482","CZE",1996.5,14770.088731
"483","CZE",1996.75,14838.911818
"484","CZE",1997,14928.235626
"485","CZE",1997.25,14894.693088
"486","CZE",1997.5,14856.903862
"487","CZE",1997.75,14836.531722
"488","CZE",1998,14880.61197
"489","CZE",1998.25,14930.624598
"490","CZE",1998.5,14976.494416
"491","CZE",1998.75,15033.734434
"492","CZE",1999,15125.616137
"493","CZE",1999.25,15268.034823
"494","CZE",1999.5,15437.385773
"495","CZE",1999.75,15569.841368
"496","CZE",2000,15785.539878
"497","CZE",2000.25,16110.752454
"498","CZE",2000.5,16449.095522
"499","CZE",2000.75,16742.055695
"500","CZE",2001,17216.942417
"501","CZE",2001.25,17599.614346
"502","CZE",2001.5,17810.595704
"503","CZE",2001.75,17984.028905
"504","CZE",2002,18031.091399
"505","CZE",2002.25,18130.264997
"506","CZE",2002.5,18383.691276
"507","CZE",2002.75,18693.356665
"508","CZE",2003,19126.024974
"509","CZE",2003.25,19406.310632
"510","CZE",2003.5,19787.023009
"511","CZE",2003.75,20048.716601
"512","CZE",2004,20446.213267
"513","CZE",2004.25,20712.839672
"514","CZE",2004.5,21092.897989
"515","CZE",2004.75,21440.07695
"516","CZE",2005,21748.257737
"517","CZE",2005.25,22000.514151
"518","CZE",2005.5,22364.383365
"519","CZE",2005.75,22761.014492
"520","CZE",2006,23450.401983
"521","CZE",2006.25,24093.494334
"522","CZE",2006.5,24655.947673
"523","CZE",2006.75,25230.637282
"524","CZE",2007,26113.528815
"525","CZE",2007.25,26546.772513
"526","CZE",2007.5,26866.399863
"527","CZE",2007.75,27022.994907
"528","CZE",2008,26732.98784
"529","CZE",2008.25,26893.115604
"530","CZE",2008.5,27164.287314
"531","CZE",2008.75,27114.63849
"532","CZE",2009,26770.505279
"533","CZE",2009.25,26869.66356
"534","CZE",2009.5,27041.234662
"535","CZE",2009.75,26954.172958
"536","CZE",2010,26646.722352
"537","CZE",2010.25,26784.298093
"538","CZE",2010.5,26961.822503
"539","CZE",2010.75,27356.214202
"540","CZE",2011,28109.670157
"541","CZE",2011.25,28596.521299
"542","CZE",2011.5,28793.328599
"543","CZE",2011.75,28833.784532
"544","CZE",2012,28635.000468
"545","CZE",2012.25,28602.809327
"546","CZE",2012.5,28693.437319
"547","CZE",2012.75,28988.876691
"548","CZE",2013,29289.983007
"549","CZE",2013.25,29835.284079
"550","CZE",2013.5,30261.21555
"551","CZE",2013.75,30823.191222
"552","CZE",2014,30723.24818
"553","CZE",2014.25,30999.339298
"554","CZE",2014.5,31367.959242
"555","CZE",2014.75,31658.385862
"556","CZE",2015,32752.972699
"557","CZE",2015.25,33571.74835
"558","CZE",2015.5,34173.392445
"559","DEU",1991,20486.453845
"560","DEU",1991.25,20512.888677
"561","DEU",1991.5,20520.338248
"562","DEU",1991.75,20837.898439
"563","DEU",1992,21251.840164
"564","DEU",1992.25,21205.724898
"565","DEU",1992.5,21186.896986
"566","DEU",1992.75,21217.25206
"567","DEU",1993,21132.715069
"568","DEU",1993.25,21238.149642
"569","DEU",1993.5,21492.047733
"570","DEU",1993.75,21554.225365
"571","DEU",1994,21939.754034
"572","DEU",1994.25,22102.686795
"573","DEU",1994.5,22378.038173
"574","DEU",1994.75,22750.172494
"575","DEU",1995,22788.421496
"576","DEU",1995.25,23067.676522
"577","DEU",1995.5,23233.648782
"578","DEU",1995.75,23328.368107
"579","DEU",1996,23262.980956
"580","DEU",1996.25,23654.241725
"581","DEU",1996.5,23813.516175
"582","DEU",1996.75,23965.033125
"583","DEU",1997,23869.566217
"584","DEU",1997.25,24173.206629
"585","DEU",1997.5,24288.212929
"586","DEU",1997.75,24496.929997
"587","DEU",1998,24746.25766
"588","DEU",1998.25,24727.280119
"589","DEU",1998.5,24916.743357
"590","DEU",1998.75,25022.370346
"591","DEU",1999,25443.568263
"592","DEU",1999.25,25563.918271
"593","DEU",1999.5,25843.23107
"594","DEU",1999.75,26123.881458
"595","DEU",2000,26381.671226
"596","DEU",2000.25,26651.789836
"597","DEU",2000.5,26690.702807
"598","DEU",2000.75,26834.29122
"599","DEU",2001,27504.163006
"600","DEU",2001.25,27765.947674
"601","DEU",2001.5,27812.199205
"602","DEU",2001.75,27984.090071
"603","DEU",2002,28038.144243
"604","DEU",2002.25,28300.88499
"605","DEU",2002.5,28679.497953
"606","DEU",2002.75,28921.164201
"607","DEU",2003,28947.792359
"608","DEU",2003.25,29202.116005
"609","DEU",2003.5,29602.927157
"610","DEU",2003.75,29891.362456
"611","DEU",2004,30155.33965
"612","DEU",2004.25,30544.967405
"613","DEU",2004.5,30711.273383
"614","DEU",2004.75,30998.520558
"615","DEU",2005,31323.794155
"616","DEU",2005.25,31846.298313
"617","DEU",2005.5,32478.172672
"618","DEU",2005.75,32922.168074
"619","DEU",2006,33614.055795
"620","DEU",2006.25,34487.179388
"621","DEU",2006.5,35083.840552
"622","DEU",2006.75,35644.245131
"623","DEU",2007,36155.070485
"624","DEU",2007.25,36611.372941
"625","DEU",2007.5,37089.781088
"626","DEU",2007.75,37472.458603
"627","DEU",2008,38196.571709
"628","DEU",2008.25,38451.642562
"629","DEU",2008.5,38718.490493
"630","DEU",2008.75,38157.579708
"631","DEU",2009,36704.996606
"632","DEU",2009.25,36813.601396
"633","DEU",2009.5,37143.887804
"634","DEU",2009.75,37718.628331
"635","DEU",2010,38306.446247
"636","DEU",2010.25,39386.400767
"637","DEU",2010.5,39985.380645
"638","DEU",2010.75,40590.951758
"639","DEU",2011,41632.156089
"640","DEU",2011.25,42026.87355
"641","DEU",2011.5,42386.037472
"642","DEU",2011.75,42304.633701
"643","DEU",2012,42536.647209
"644","DEU",2012.25,42686.022245
"645","DEU",2012.5,43001.663975
"646","DEU",2012.75,43082.998578
"647","DEU",2013,43422.504351
"648","DEU",2013.25,44124.436749
"649","DEU",2013.5,44592.927244
"650","DEU",2013.75,44943.283837
"651","DEU",2014,45428.72275
"652","DEU",2014.25,45606.223244
"653","DEU",2014.5,45782.406878
"654","DEU",2014.75,45917.843332
"655","DEU",2015,45880.748887
"656","DEU",2015.25,46090.200071
"657","DEU",2015.5,46151.460809
"658","DNK",1995,23200.463512
"659","DNK",1995.25,23212.235537
"660","DNK",1995.5,23391.453726
"661","DNK",1995.75,23654.739795
"662","DNK",1996,23797.853737
"663","DNK",1996.25,24547.900868
"664","DNK",1996.5,24676.223025
"665","DNK",1996.75,24795.086095
"666","DNK",1997,25252.118066
"667","DNK",1997.25,25763.793938
"668","DNK",1997.5,25796.396753
"669","DNK",1997.75,25915.980649
"670","DNK",1998,26427.919238
"671","DNK",1998.25,26302.183635
"672","DNK",1998.5,26829.266286
"673","DNK",1998.75,26892.282201
"674","DNK",1999,27128.047553
"675","DNK",1999.25,27303.155353
"676","DNK",1999.5,27575.984108
"677","DNK",1999.75,28190.530514
"678","DNK",2000,28901.916495
"679","DNK",2000.25,29502.0836
"680","DNK",2000.5,29761.093348
"681","DNK",2000.75,30088.168778
"682","DNK",2001,29730.345135
"683","DNK",2001.25,30031.093662
"684","DNK",2001.5,30492.279211
"685","DNK",2001.75,30779.865745
"686","DNK",2002,31344.837054
"687","DNK",2002.25,31658.826024
"688","DNK",2002.5,31838.06592
"689","DNK",2002.75,31560.359234
"690","DNK",2003,31383.500719
"691","DNK",2003.25,30905.961584
"692","DNK",2003.5,31024.321032
"693","DNK",2003.75,31783.567314
"694","DNK",2004,32534.344912
"695","DNK",2004.25,33164.472601
"696","DNK",2004.5,33320.796791
"697","DNK",2004.75,33591.269019
"698","DNK",2005,33365.853934
"699","DNK",2005.25,33959.526926
"700","DNK",2005.5,34248.612418
"701","DNK",2005.75,34766.726738
"702","DNK",2006,35903.239429
"703","DNK",2006.25,37510.579963
"704","DNK",2006.5,37637.157355
"705","DNK",2006.75,37651.88766
"706","DNK",2007,38019.384864
"707","DNK",2007.25,38082.615876
"708","DNK",2007.5,38807.453073
"709","DNK",2007.75,39817.955424
"710","DNK",2008,40619.747844
"711","DNK",2008.25,40990.901579
"712","DNK",2008.5,41287.453401
"713","DNK",2008.75,40472.938255
"714","DNK",2009,39931.67539
"715","DNK",2009.25,39201.533041
"716","DNK",2009.5,39498.11916
"717","DNK",2009.75,39834.16839
"718","DNK",2010,40695.97228
"719","DNK",2010.25,41570.59977
"720","DNK",2010.5,42456.027638
"721","DNK",2010.75,42650.735611
"722","DNK",2011,42880.418192
"723","DNK",2011.25,43647.35732
"724","DNK",2011.5,43241.337094
"725","DNK",2011.75,43503.341566
"726","DNK",2012,43721.694937
"727","DNK",2012.25,44057.075223
"728","DNK",2012.5,44448.458004
"729","DNK",2012.75,44790.782135
"730","DNK",2013,45380.088168
"731","DNK",2013.25,45405.513718
"732","DNK",2013.5,45983.439202
"733","DNK",2013.75,46019.8918
"734","DNK",2014,45793.595124
"735","DNK",2014.25,45750.654435
"736","DNK",2014.5,46116.081965
"737","DNK",2014.75,46317.790906
"738","DNK",2015,46972.117157
"739","DNK",2015.25,47632.622386
"740","DNK",2015.5,47861.694831
"741","ESP",1995,16033.136744
"742","ESP",1995.25,16200.067761
"743","ESP",1995.5,16344.720244
"744","ESP",1995.75,16539.002502
"745","ESP",1996,16751.527762
"746","ESP",1996.25,16925.629484
"747","ESP",1996.5,17130.593056
"748","ESP",1996.75,17268.920003
"749","ESP",1997,17551.553034
"750","ESP",1997.25,17776.303844
"751","ESP",1997.5,18049.203158
"752","ESP",1997.75,18439.354146
"753","ESP",1998,18759.05187
"754","ESP",1998.25,19008.793364
"755","ESP",1998.5,19299.349078
"756","ESP",1998.75,19499.82333
"757","ESP",1999,19649.786235
"758","ESP",1999.25,19941.448946
"759","ESP",1999.5,20218.309214
"760","ESP",1999.75,20557.855204
"761","ESP",2000,21113.47793
"762","ESP",2000.25,21534.979949
"763","ESP",2000.5,21921.216762
"764","ESP",2000.75,22274.636419
"765","ESP",2001,22610.967289
"766","ESP",2001.25,22996.27563
"767","ESP",2001.5,23421.222841
"768","ESP",2001.75,23821.781738
"769","ESP",2002,24224.302873
"770","ESP",2002.25,24593.720006
"771","ESP",2002.5,24831.765554
"772","ESP",2002.75,24996.66876
"773","ESP",2003,25139.336674
"774","ESP",2003.25,25182.06328
"775","ESP",2003.5,25352.000614
"776","ESP",2003.75,25643.051132
"777","ESP",2004,26015.293962
"778","ESP",2004.25,26381.356182
"779","ESP",2004.5,26679.436283
"780","ESP",2004.75,26816.752942
"781","ESP",2005,27094.265812
"782","ESP",2005.25,27473.232829
"783","ESP",2005.5,28076.062357
"784","ESP",2005.75,28814.790731
"785","ESP",2006,29794.643463
"786","ESP",2006.25,30658.234096
"787","ESP",2006.5,31347.015787
"788","ESP",2006.75,31759.93896
"789","ESP",2007,32312.030575
"790","ESP",2007.25,32648.895157
"791","ESP",2007.5,32935.587949
"792","ESP",2007.75,33281.612561
"793","ESP",2008,33621.798606
"794","ESP",2008.25,33816.622509
"795","ESP",2008.5,33822.645485
"796","ESP",2008.75,33574.534365
"797","ESP",2009,33229.883664
"798","ESP",2009.25,32851.012074
"799","ESP",2009.5,32626.07363
"800","ESP",2009.75,32470.83408
"801","ESP",2010,32369.821503
"802","ESP",2010.25,32345.469885
"803","ESP",2010.5,32360.758101
"804","ESP",2010.75,32454.873804
"805","ESP",2011,32505.510623
"806","ESP",2011.25,32583.713927
"807","ESP",2011.5,32625.197675
"808","ESP",2011.75,32424.357108
"809","ESP",2012,32270.159981
"810","ESP",2012.25,32182.049108
"811","ESP",2012.5,32261.383855
"812","ESP",2012.75,32247.195425
"813","ESP",2013,32536.745436
"814","ESP",2013.25,32727.752373
"815","ESP",2013.5,32994.760903
"816","ESP",2013.75,33193.323809
"817","ESP",2014,33342.871661
"818","ESP",2014.25,33566.45114
"819","ESP",2014.5,33770.325679
"820","ESP",2014.75,33869.283691
"821","ESP",2015,34049.75691
"822","ESP",2015.25,34439.665456
"823","ESP",2015.5,34700.480553
"824","EST",1995,6193.207787
"825","EST",1995.25,6256.453912
"826","EST",1995.5,6320.082978
"827","EST",1995.75,6400.466746
"828","EST",1996,6585.970599
"829","EST",1996.25,6759.686603
"830","EST",1996.5,7022.608548
"831","EST",1996.75,7160.581269
"832","EST",1997,7567.211648
"833","EST",1997.25,7861.5774
"834","EST",1997.5,8079.657358
"835","EST",1997.75,8312.877403
"836","EST",1998,8425.077158
"837","EST",1998.25,8430.681385
"838","EST",1998.5,8496.68978
"839","EST",1998.75,8399.307918
"840","EST",1999,8540.358232
"841","EST",1999.25,8695.222145
"842","EST",1999.5,8835.471884
"843","EST",1999.75,9016.515154
"844","EST",2000,9325.710261
"845","EST",2000.25,9582.374991
"846","EST",2000.5,9698.2634
"847","EST",2000.75,9989.689042
"848","EST",2001,10192.107931
"849","EST",2001.25,10372.92786
"850","EST",2001.5,10572.733662
"851","EST",2001.75,10853.082229
"852","EST",2002,11140.55686
"853","EST",2002.25,11658.446741
"854","EST",2002.5,11993.757245
"855","EST",2002.75,12289.809692
"856","EST",2003,12734.92407
"857","EST",2003.25,13125.352789
"858","EST",2003.5,13386.48935
"859","EST",2003.75,13667.210354
"860","EST",2004,14395.38659
"861","EST",2004.25,14189.814732
"862","EST",2004.5,14763.858792
"863","EST",2004.75,15015.744854
"864","EST",2005,15526.373281
"865","EST",2005.25,16219.178133
"866","EST",2005.5,16752.056455
"867","EST",2005.75,17381.029886
"868","EST",2006,18219.654988
"869","EST",2006.25,18863.674591
"870","EST",2006.5,19606.322086
"871","EST",2006.75,20132.487043
"872","EST",2007,21205.777854
"873","EST",2007.25,21437.291541
"874","EST",2007.5,21836.388684
"875","EST",2007.75,22335.422762
"876","EST",2008,22262.019061
"877","EST",2008.25,23119.58001
"878","EST",2008.5,23397.377145
"879","EST",2008.75,21295.962153
"880","EST",2009,20766.733255
"881","EST",2009.25,20265.489989
"882","EST",2009.5,19878.806403
"883","EST",2009.75,20010.569321
"884","EST",2010,20220.362805
"885","EST",2010.25,20772.048929
"886","EST",2010.5,21234.35349
"887","EST",2010.75,22087.216883
"888","EST",2011,22914.298477
"889","EST",2011.25,23603.48848
"890","EST",2011.5,24362.566475
"891","EST",2011.75,24615.2934
"892","EST",2012,25281.368322
"893","EST",2012.25,25769.976147
"894","EST",2012.5,26082.932114
"895","EST",2012.75,26348.14597
"896","EST",2013,26823.206198
"897","EST",2013.25,26837.702639
"898","EST",2013.5,27231.819552
"899","EST",2013.75,27587.707995
"900","EST",2014,27964.587498
"901","EST",2014.25,28062.228619
"902","EST",2014.5,28162.457187
"903","EST",2014.75,28315.124433
"904","EST",2015,27881.660619
"905","EST",2015.25,27945.951002
"906","EST",2015.5,27667.330761
"907","FIN",1990,17983.904695
"908","FIN",1990.25,17999.203149
"909","FIN",1990.5,17863.360516
"910","FIN",1990.75,17777.917705
"911","FIN",1991,17548.538627
"912","FIN",1991.25,17423.517136
"913","FIN",1991.5,17241.890135
"914","FIN",1991.75,17037.826863
"915","FIN",1992,17140.913187
"916","FIN",1992.25,17085.897131
"917","FIN",1992.5,16929.139444
"918","FIN",1992.75,16936.272767
"919","FIN",1993,16999.080266
"920","FIN",1993.25,17050.436981
"921","FIN",1993.5,17339.225358
"922","FIN",1993.75,17481.174772
"923","FIN",1994,17715.824397
"924","FIN",1994.25,17906.156737
"925","FIN",1994.5,18404.292652
"926","FIN",1994.75,18753.71113
"927","FIN",1995,18888.418682
"928","FIN",1995.25,19365.239488
"929","FIN",1995.5,19424.98989
"930","FIN",1995.75,19453.626568
"931","FIN",1996,19553.99544
"932","FIN",1996.25,19637.728299
"933","FIN",1996.5,19785.484104
"934","FIN",1996.75,20291.214539
"935","FIN",1997,20802.582772
"936","FIN",1997.25,21267.552248
"937","FIN",1997.5,21798.279875
"938","FIN",1997.75,22420.614662
"939","FIN",1998,22529.661835
"940","FIN",1998.25,23108.726473
"941","FIN",1998.5,23608.510978
"942","FIN",1998.75,23826.356712
"943","FIN",1999,24167.008223
"944","FIN",1999.25,24379.079432
"945","FIN",1999.5,24509.328274
"946","FIN",1999.75,24947.44972
"947","FIN",2000,26031.6482
"948","FIN",2000.25,26128.644117
"949","FIN",2000.5,26670.459311
"950","FIN",2000.75,27025.532565
"951","FIN",2001,27290.324329
"952","FIN",2001.25,27429.685027
"953","FIN",2001.5,27701.949454
"954","FIN",2001.75,27748.328791
"955","FIN",2002,28088.273766
"956","FIN",2002.25,28511.157779
"957","FIN",2002.5,28438.544939
"958","FIN",2002.75,28645.273424
"959","FIN",2003,28235.463473
"960","FIN",2003.25,28592.78977
"961","FIN",2003.5,29036.316067
"962","FIN",2003.75,29406.505712
"963","FIN",2004,30219.947867
"964","FIN",2004.25,30936.098711
"965","FIN",2004.5,31326.199459
"966","FIN",2004.75,31867.124441
"967","FIN",2005,31824.506852
"968","FIN",2005.25,31706.004763
"969","FIN",2005.5,32186.019618
"970","FIN",2005.75,32545.72428
"971","FIN",2006,33689.347347
"972","FIN",2006.25,34226.116601
"973","FIN",2006.5,34796.586899
"974","FIN",2006.75,35303.664862
"975","FIN",2007,36285.922655
"976","FIN",2007.25,37191.655328
"977","FIN",2007.5,37723.322287
"978","FIN",2007.75,38837.60179
"979","FIN",2008,39304.383273
"980","FIN",2008.25,39554.817748
"981","FIN",2008.5,40187.029722
"982","FIN",2008.75,39881.541117
"983","FIN",2009,37547.876783
"984","FIN",2009.25,37438.240417
"985","FIN",2009.5,37669.167385
"986","FIN",2009.75,37482.271133
"987","FIN",2010,37421.541381
"988","FIN",2010.25,38370.943043
"989","FIN",2010.5,38251.236177
"990","FIN",2010.75,39228.999878
"991","FIN",2011,39786.079246
"992","FIN",2011.25,40101.864082
"993","FIN",2011.5,40519.872671
"994","FIN",2011.75,40595.110762
"995","FIN",2012,40775.45607
"996","FIN",2012.25,40283.50908
"997","FIN",2012.5,40369.70741
"998","FIN",2012.75,40322.246118
"999","FIN",2013,40507.4637
"1000","FIN",2013.25,40771.97844
"1001","FIN",2013.5,41044.394857
"1002","FIN",2013.75,40999.932492
"1003","FIN",2014,40717.625541
"1004","FIN",2014.25,40675.905543
"1005","FIN",2014.5,40743.70232
"1006","FIN",2014.75,40528.410231
"1007","FIN",2015,40561.65291
"1008","FIN",2015.25,40879.389755
"1009","FIN",2015.5,40694.917755
"1010","FRA",1989,16163.512864
"1011","FRA",1989.25,16457.236059
"1012","FRA",1989.5,16713.610269
"1013","FRA",1989.75,16971.111086
"1014","FRA",1990,17308.188084
"1015","FRA",1990.25,17531.762683
"1016","FRA",1990.5,17724.457837
"1017","FRA",1990.75,17821.288512
"1018","FRA",1991,17981.373745
"1019","FRA",1991.25,18212.136263
"1020","FRA",1991.5,18390.357767
"1021","FRA",1991.75,18566.983814
"1022","FRA",1992,18784.273042
"1023","FRA",1992.25,18875.601957
"1024","FRA",1992.5,18917.654475
"1025","FRA",1992.75,18975.068736
"1026","FRA",1993,18938.039065
"1027","FRA",1993.25,19062.155261
"1028","FRA",1993.5,19224.1662
"1029","FRA",1993.75,19338.533008
"1030","FRA",1994,19509.190885
"1031","FRA",1994.25,19820.324498
"1032","FRA",1994.5,20044.769829
"1033","FRA",1994.75,20308.814384
"1034","FRA",1995,20496.351211
"1035","FRA",1995.25,20673.511833
"1036","FRA",1995.5,20770.221972
"1037","FRA",1995.75,20889.203948
"1038","FRA",1996,21107.342968
"1039","FRA",1996.25,21224.029333
"1040","FRA",1996.5,21385.78083
"1041","FRA",1996.75,21523.466661
"1042","FRA",1997,21765.747899
"1043","FRA",1997.25,22090.191792
"1044","FRA",1997.5,22372.876456
"1045","FRA",1997.75,22708.083398
"1046","FRA",1998,22966.901093
"1047","FRA",1998.25,23262.421327
"1048","FRA",1998.5,23482.150664
"1049","FRA",1998.75,23660.630439
"1050","FRA",1999,23799.37778
"1051","FRA",1999.25,24023.168242
"1052","FRA",1999.5,24364.056516
"1053","FRA",1999.75,24795.260108
"1054","FRA",2000,25386.069197
"1055","FRA",2000.25,25803.466871
"1056","FRA",2000.5,26212.979793
"1057","FRA",2000.75,26644.339943
"1058","FRA",2001,27045.858218
"1059","FRA",2001.25,27334.85967
"1060","FRA",2001.5,27641.36926
"1061","FRA",2001.75,27845.831773
"1062","FRA",2002,28305.467997
"1063","FRA",2002.25,28627.82186
"1064","FRA",2002.5,28709.421788
"1065","FRA",2002.75,28531.962356
"1066","FRA",2003,28261.493914
"1067","FRA",2003.25,27975.942491
"1068","FRA",2003.5,28048.716629
"1069","FRA",2003.75,28225.518477
"1070","FRA",2004,28521.747013
"1071","FRA",2004.25,28889.400183
"1072","FRA",2004.5,29125.720926
"1073","FRA",2004.75,29484.645247
"1074","FRA",2005,29765.693333
"1075","FRA",2005.25,30071.626848
"1076","FRA",2005.5,30548.981018
"1077","FRA",2005.75,31072.412466
"1078","FRA",2006,31597.111468
"1079","FRA",2006.25,32250.559579
"1080","FRA",2006.5,32515.676434
"1081","FRA",2006.75,32907.287545
"1082","FRA",2007,33508.277963
"1083","FRA",2007.25,33943.457989
"1084","FRA",2007.5,34252.440756
"1085","FRA",2007.75,34571.874339
"1086","FRA",2008,35036.376533
"1087","FRA",2008.25,35127.571936
"1088","FRA",2008.5,35390.309595
"1089","FRA",2008.75,35015.855997
"1090","FRA",2009,34694.504351
"1091","FRA",2009.25,34709.26162
"1092","FRA",2009.5,34794.732515
"1093","FRA",2009.75,35126.215113
"1094","FRA",2010,35339.498822
"1095","FRA",2010.25,35692.956779
"1096","FRA",2010.5,36073.917296
"1097","FRA",2010.75,36480.399561
"1098","FRA",2011,37123.72962
"1099","FRA",2011.25,37327.916895
"1100","FRA",2011.5,37483.249225
"1101","FRA",2011.75,37381.563402
"1102","FRA",2012,37261.557285
"1103","FRA",2012.25,37190.846136
"1104","FRA",2012.5,37546.019924
"1105","FRA",2012.75,37932.523399
"1106","FRA",2013,38605.771439
"1107","FRA",2013.25,39277.943684
"1108","FRA",2013.5,39503.918182
"1109","FRA",2013.75,39621.555747
"1110","FRA",2014,39411.679809
"1111","FRA",2014.25,39339.498911
"1112","FRA",2014.5,39403.318579
"1113","FRA",2014.75,39308.676999
"1114","FRA",2015,39518.325861
"1115","FRA",2015.25,39652.814391
"1116","FRA",2015.5,39797.506419
"1117","GBR",1995,20711.329062
"1118","GBR",1995.25,20866.026336
"1119","GBR",1995.5,21219.711767
"1120","GBR",1995.75,21495.571121
"1121","GBR",1996,21980.820937
"1122","GBR",1996.25,22255.941256
"1123","GBR",1996.5,22539.510893
"1124","GBR",1996.75,22886.0957
"1125","GBR",1997,23319.286063
"1126","GBR",1997.25,23704.122908
"1127","GBR",1997.5,23960.67186
"1128","GBR",1997.75,24310.342503
"1129","GBR",1998,24399.842509
"1130","GBR",1998.25,24503.812779
"1131","GBR",1998.5,24605.672736
"1132","GBR",1998.75,24751.470698
"1133","GBR",1999,24797.347923
"1134","GBR",1999.25,24857.834185
"1135","GBR",1999.5,25383.870441
"1136","GBR",1999.75,25987.680357
"1137","GBR",2000,26771.07469
"1138","GBR",2000.25,27313.293068
"1139","GBR",2000.5,27700.039407
"1140","GBR",2000.75,27946.13841
"1141","GBR",2001,28333.921582
"1142","GBR",2001.25,28699.513244
"1143","GBR",2001.5,28979.535259
"1144","GBR",2001.75,29223.967715
"1145","GBR",2002,29547.370326
"1146","GBR",2002.25,29921.823109
"1147","GBR",2002.5,30270.549528
"1148","GBR",2002.75,30534.993255
"1149","GBR",2003,30678.674443
"1150","GBR",2003.25,30914.495344
"1151","GBR",2003.5,31296.647537
"1152","GBR",2003.75,31766.214793
"1153","GBR",2004,32480.22958
"1154","GBR",2004.25,33038.253844
"1155","GBR",2004.5,33265.049478
"1156","GBR",2004.75,33476.638177
"1157","GBR",2005,33707.328166
"1158","GBR",2005.25,34149.191621
"1159","GBR",2005.5,34801.202099
"1160","GBR",2005.75,35702.412988
"1161","GBR",2006,36403.666432
"1162","GBR",2006.25,36891.935694
"1163","GBR",2006.5,37065.162043
"1164","GBR",2006.75,37066.439681
"1165","GBR",2007,37293.399955
"1166","GBR",2007.25,37319.777189
"1167","GBR",2007.5,37462.863509
"1168","GBR",2007.75,37779.710855
"1169","GBR",2008,38090.948171
"1170","GBR",2008.25,38083.600404
"1171","GBR",2008.5,37748.871656
"1172","GBR",2008.75,37017.270729
"1173","GBR",2009,36611.630337
"1174","GBR",2009.25,36408.671072
"1175","GBR",2009.5,36229.329384
"1176","GBR",2009.75,36087.690206
"1177","GBR",2010,35826.247641
"1178","GBR",2010.25,35851.407793
"1179","GBR",2010.5,35860.15876
"1180","GBR",2010.75,35841.299425
"1181","GBR",2011,36122.462211
"1182","GBR",2011.25,36387.582203
"1183","GBR",2011.5,36819.233654
"1184","GBR",2011.75,36869.961502
"1185","GBR",2012,37113.056675
"1186","GBR",2012.25,37212.794464
"1187","GBR",2012.5,37817.361617
"1188","GBR",2012.75,38009.483973
"1189","GBR",2013,38506.753025
"1190","GBR",2013.25,38854.304824
"1191","GBR",2013.5,39340.349438
"1192","GBR",2013.75,39629.652707
"1193","GBR",2014,39834.176656
"1194","GBR",2014.25,40159.358639
"1195","GBR",2014.5,40356.288265
"1196","GBR",2014.75,40396.311253
"1197","GBR",2015,40308.94224
"1198","GBR",2015.25,40492.161833
"1199","GBR",2015.5,40563.306771
"1200","GRC",1995,15072.980234
"1201","GRC",1995.25,15267.645978
"1202","GRC",1995.5,15403.215268
"1203","GRC",1995.75,15543.486727
"1204","GRC",1996,15690.589051
"1205","GRC",1996.25,15826.453391
"1206","GRC",1996.5,16074.357228
"1207","GRC",1996.75,16347.763208
"1208","GRC",1997,16584.771025
"1209","GRC",1997.25,16897.067317
"1210","GRC",1997.5,17185.632539
"1211","GRC",1997.75,17342.83505
"1212","GRC",1998,17489.628151
"1213","GRC",1998.25,17532.966628
"1214","GRC",1998.5,17601.309598
"1215","GRC",1998.75,17753.936996
"1216","GRC",1999,17982.116343
"1217","GRC",1999.25,18183.933517
"1218","GRC",1999.5,18292.123472
"1219","GRC",1999.75,18615.227246
"1220","GRC",2000,18787.944029
"1221","GRC",2000.25,19060.950673
"1222","GRC",2000.5,19539.950891
"1223","GRC",2000.75,19950.104812
"1224","GRC",2001,20372.185195
"1225","GRC",2001.25,20613.9768
"1226","GRC",2001.5,21175.253637
"1227","GRC",2001.75,21519.169327
"1228","GRC",2002,22056.801412
"1229","GRC",2002.25,22763.405034
"1230","GRC",2002.5,22983.262439
"1231","GRC",2002.75,23121.472572
"1232","GRC",2003,23365.803175
"1233","GRC",2003.25,23608.213485
"1234","GRC",2003.5,23788.870877
"1235","GRC",2003.75,24432.587865
"1236","GRC",2004,25208.427835
"1237","GRC",2004.25,25411.797639
"1238","GRC",2004.5,25699.524486
"1239","GRC",2004.75,25433.770843
"1240","GRC",2005,25037.056318
"1241","GRC",2005.25,25021.678295
"1242","GRC",2005.5,25556.322681
"1243","GRC",2005.75,26072.40746
"1244","GRC",2006,27526.896434
"1245","GRC",2006.25,28088.496298
"1246","GRC",2006.5,28458.368102
"1247","GRC",2006.75,29039.602406
"1248","GRC",2007,28662.035567
"1249","GRC",2007.25,29426.817357
"1250","GRC",2007.5,29422.421945
"1251","GRC",2007.75,29673.047742
"1252","GRC",2008,30584.656595
"1253","GRC",2008.25,30974.538522
"1254","GRC",2008.5,31521.098485
"1255","GRC",2008.75,31384.33701
"1256","GRC",2009,30097.918434
"1257","GRC",2009.25,30986.012996
"1258","GRC",2009.5,30770.643485
"1259","GRC",2009.75,30820.583292
"1260","GRC",2010,30339.418817
"1261","GRC",2010.25,29446.538796
"1262","GRC",2010.5,28438.501555
"1263","GRC",2010.75,28042.694031
"1264","GRC",2011,27224.123722
"1265","GRC",2011.25,26904.642885
"1266","GRC",2011.5,26604.036896
"1267","GRC",2011.75,25783.014673
"1268","GRC",2012,25873.136324
"1269","GRC",2012.25,25849.118216
"1270","GRC",2012.5,25932.397032
"1271","GRC",2012.75,26369.641984
"1272","GRC",2013,26400.830979
"1273","GRC",2013.25,26689.362314
"1274","GRC",2013.5,26914.966223
"1275","GRC",2013.75,26832.555998
"1276","GRC",2014,26800.891659
"1277","GRC",2014.25,26645.920696
"1278","GRC",2014.5,26888.918093
"1279","GRC",2014.75,26628.068499
"1280","HUN",1995,9188.627652
"1281","HUN",1995.25,9146.716086
"1282","HUN",1995.5,9160.69392
"1283","HUN",1995.75,9176.539096
"1284","HUN",1996,9282.168109
"1285","HUN",1996.25,9357.540977
"1286","HUN",1996.5,9436.258342
"1287","HUN",1996.75,9624.795451
"1288","HUN",1997,9832.282394
"1289","HUN",1997.25,10007.188129
"1290","HUN",1997.5,10188.60406
"1291","HUN",1997.75,10378.590615
"1292","HUN",1998,10592.257687
"1293","HUN",1998.25,10781.455762
"1294","HUN",1998.5,10927.893189
"1295","HUN",1998.75,10989.792236
"1296","HUN",1999,11049.407265
"1297","HUN",1999.25,11165.374725
"1298","HUN",1999.5,11351.5968
"1299","HUN",1999.75,11535.198689
"1300","HUN",2000,11684.827531
"1301","HUN",2000.25,11944.508835
"1302","HUN",2000.5,12234.366984
"1303","HUN",2000.75,12658.388446
"1304","HUN",2001,13144.925939
"1305","HUN",2001.25,13601.011949
"1306","HUN",2001.5,13963.806655
"1307","HUN",2001.75,14269.337919
"1308","HUN",2002,14700.6367
"1309","HUN",2002.25,14906.488635
"1310","HUN",2002.5,15147.268508
"1311","HUN",2002.75,15348.952256
"1312","HUN",2003,15498.024307
"1313","HUN",2003.25,15639.497985
"1314","HUN",2003.5,15813.090895
"1315","HUN",2003.75,15980.13856
"1316","HUN",2004,16211.346788
"1317","HUN",2004.25,16430.21596
"1318","HUN",2004.5,16591.27326
"1319","HUN",2004.75,16694.137263
"1320","HUN",2005,16889.052225
"1321","HUN",2005.25,17187.7056
"1322","HUN",2005.5,17464.717866
"1323","HUN",2005.75,17839.098008
"1324","HUN",2006,18280.370385
"1325","HUN",2006.25,18691.237695
"1326","HUN",2006.5,18980.354666
"1327","HUN",2006.75,19170.388833
"1328","HUN",2007,19205.020794
"1329","HUN",2007.25,19302.080916
"1330","HUN",2007.5,19556.167931
"1331","HUN",2007.75,19856.455875
"1332","HUN",2008,20332.368791
"1333","HUN",2008.25,20860.200601
"1334","HUN",2008.5,21304.965675
"1335","HUN",2008.75,20986.760186
"1336","HUN",2009,20659.717994
"1337","HUN",2009.25,20879.811258
"1338","HUN",2009.5,21086.739081
"1339","HUN",2009.75,21263.422722
"1340","HUN",2010,21296.353273
"1341","HUN",2010.25,21550.863992
"1342","HUN",2010.5,21796.733066
"1343","HUN",2010.75,22033.689894
"1344","HUN",2011,22385.371539
"1345","HUN",2011.25,22620.926887
"1346","HUN",2011.5,22835.597993
"1347","HUN",2011.75,22978.887186
"1348","HUN",2012,22479.310489
"1349","HUN",2012.25,22575.024353
"1350","HUN",2012.5,22846.477979
"1351","HUN",2012.75,23082.504909
"1352","HUN",2013,23642.985004
"1353","HUN",2013.25,24048.683705
"1354","HUN",2013.5,24454.735752
"1355","HUN",2013.75,24714.190093
"1356","HUN",2014,24753.74488
"1357","HUN",2014.25,25069.63289
"1358","HUN",2014.5,25346.134178
"1359","HUN",2014.75,25671.455336
"1360","HUN",2015,26103.286553
"1361","HUN",2015.25,26656.098066
"1362","HUN",2015.5,27172.32806
"1363","IRL",1998,23776.224228
"1364","IRL",1998.25,24651.983782
"1365","IRL",1998.5,25140.760213
"1366","IRL",1998.75,24380.482641
"1367","IRL",1999,25638.226171
"1368","IRL",1999.25,25987.301538
"1369","IRL",1999.5,26819.958428
"1370","IRL",1999.75,27563.845585
"1371","IRL",2000,28234.839902
"1372","IRL",2000.25,29148.006251
"1373","IRL",2000.5,30113.135357
"1374","IRL",2000.75,30912.273414
"1375","IRL",2001,31380.634127
"1376","IRL",2001.25,31561.64255
"1377","IRL",2001.5,31939.36197
"1378","IRL",2001.75,32240.357431
"1379","IRL",2002,33322.548467
"1380","IRL",2002.25,34093.776217
"1381","IRL",2002.5,34999.572788
"1382","IRL",2002.75,35297.609544
"1383","IRL",2003,35268.404572
"1384","IRL",2003.25,35426.084779
"1385","IRL",2003.5,35549.196458
"1386","IRL",2003.75,37790.265384
"1387","IRL",2004,37359.584889
"1388","IRL",2004.25,38192.925148
"1389","IRL",2004.5,38051.059462
"1390","IRL",2004.75,39079.559564
"1391","IRL",2005,39124.45966
"1392","IRL",2005.25,40338.183026
"1393","IRL",2005.5,40474.315249
"1394","IRL",2005.75,41849.400019
"1395","IRL",2006,43008.853195
"1396","IRL",2006.25,43662.006483
"1397","IRL",2006.5,44672.603526
"1398","IRL",2006.75,44724.789773
"1399","IRL",2007,47580.356783
"1400","IRL",2007.25,46824.968674
"1401","IRL",2007.5,45573.172969
"1402","IRL",2007.75,46934.871937
"1403","IRL",2008,45162.017386
"1404","IRL",2008.25,44077.344351
"1405","IRL",2008.5,43965.521609
"1406","IRL",2008.75,42168.943196
"1407","IRL",2009,42413.340336
"1408","IRL",2009.25,41976.866482
"1409","IRL",2009.5,41418.14415
"1410","IRL",2009.75,41477.151208
"1411","IRL",2010,42651.095176
"1412","IRL",2010.25,42745.621711
"1413","IRL",2010.5,43715.299831
"1414","IRL",2010.75,43903.063679
"1415","IRL",2011,44718.715462
"1416","IRL",2011.25,45768.262187
"1417","IRL",2011.5,45781.783558
"1418","IRL",2011.75,46355.277898
"1419","IRL",2012,45764.467091
"1420","IRL",2012.25,46250.581901
"1421","IRL",2012.5,45840.935828
"1422","IRL",2012.75,46183.379598
"1423","IRL",2013,46456.655154
"1424","IRL",2013.25,46712.644213
"1425","IRL",2013.5,48920.677579
"1426","IRL",2013.75,48049.962751
"1427","IRL",2014,48514.870049
"1428","IRL",2014.25,48986.238634
"1429","IRL",2014.5,49852.824164
"1430","IRL",2014.75,50122.571725
"1431","IRL",2015,51084.582463
"1432","IRL",2015.25,52201.345753
"1433","IRL",2015.5,52910.295459
"1434","ISR",1995,19311.077642
"1435","ISR",1995.25,19690.248187
"1436","ISR",1995.5,19831.76367
"1437","ISR",1995.75,19919.912373
"1438","ISR",1996,20296.118771
"1439","ISR",1996.25,20541.784892
"1440","ISR",1996.5,20740.970854
"1441","ISR",1996.75,21023.748713
"1442","ISR",1997,21232.423589
"1443","ISR",1997.25,21317.624035
"1444","ISR",1997.5,21267.452332
"1445","ISR",1997.75,21583.009543
"1446","ISR",1998,21819.706474
"1447","ISR",1998.25,21771.831285
"1448","ISR",1998.5,21921.725176
"1449","ISR",1998.75,22013.352744
"1450","ISR",1999,21715.075866
"1451","ISR",1999.25,22632.833689
"1452","ISR",1999.5,22709.794194
"1453","ISR",1999.75,23207.481279
"1454","ISR",2000,23899.390185
"1455","ISR",2000.25,24733.190826
"1456","ISR",2000.5,25511.484116
"1457","ISR",2000.75,25393.248154
"1458","ISR",2001,25046.559675
"1459","ISR",2001.25,24979.695288
"1460","ISR",2001.5,24801.68179
"1461","ISR",2001.75,24795.7739
"1462","ISR",2002,25208.221188
"1463","ISR",2002.25,25400.918798
"1464","ISR",2002.5,25184.485308
"1465","ISR",2002.75,24589.19859
"1466","ISR",2003,24100.348411
"1467","ISR",2003.25,23557.790405
"1468","ISR",2003.5,23583.439494
"1469","ISR",2003.75,23742.126689
"1470","ISR",2004,24706.84496
"1471","ISR",2004.25,25211.242849
"1472","ISR",2004.5,25355.211346
"1473","ISR",2004.75,25313.815408
"1474","ISR",2005,24915.8087
"1475","ISR",2005.25,24710.761276
"1476","ISR",2005.5,24714.55209
"1477","ISR",2005.75,24904.234369
"1478","ISR",2006,25266.762346
"1479","ISR",2006.25,25745.45841
"1480","ISR",2006.5,25561.805392
"1481","ISR",2006.75,26086.225956
"1482","ISR",2007,26888.62561
"1483","ISR",2007.25,27365.480193
"1484","ISR",2007.5,27661.229769
"1485","ISR",2007.75,27704.303408
"1486","ISR",2008,27522.018241
"1487","ISR",2008.25,27376.446856
"1488","ISR",2008.5,27351.41664
"1489","ISR",2008.75,27136.940642
"1490","ISR",2009,27233.098514
"1491","ISR",2009.25,27411.726547
"1492","ISR",2009.5,27667.88849
"1493","ISR",2009.75,27994.796807
"1494","ISR",2010,28370.390357
"1495","ISR",2010.25,28715.404334
"1496","ISR",2010.5,28984.89113
"1497","ISR",2010.75,29347.685866
"1498","ISR",2011,29906.318229
"1499","ISR",2011.25,30389.349134
"1500","ISR",2011.5,30953.187739
"1501","ISR",2011.75,31095.201771
"1502","ISR",2012,31352.949468
"1503","ISR",2012.25,31733.556727
"1504","ISR",2012.5,32207.357381
"1505","ISR",2012.75,32692.820637
"1506","ISR",2013,32904.981874
"1507","ISR",2013.25,33407.375504
"1508","ISR",2013.5,33606.465827
"1509","ISR",2013.75,33632.700522
"1510","ISR",2014,33452.999391
"1511","ISR",2014.25,33642.723341
"1512","ISR",2014.5,33692.738483
"1513","ISR",2014.75,34108.552509
"1514","ISR",2015,34419.822416
"1515","ISR",2015.25,34692.695319
"1516","ISR",2015.5,35057.861439
"1517","ITA",1995,21710.657009
"1518","ITA",1995.25,21823.203951
"1519","ITA",1995.5,22037.361998
"1520","ITA",1995.75,22354.039163
"1521","ITA",1996,22606.384467
"1522","ITA",1996.25,22651.841872
"1523","ITA",1996.5,22672.804243
"1524","ITA",1996.75,22663.003607
"1525","ITA",1997,22935.974241
"1526","ITA",1997.25,23222.649397
"1527","ITA",1997.5,23542.825098
"1528","ITA",1997.75,24163.10066
"1529","ITA",1998,24320.952337
"1530","ITA",1998.25,24674.876164
"1531","ITA",1998.5,24852.404954
"1532","ITA",1998.75,24797.063894
"1533","ITA",1999,24875.443661
"1534","ITA",1999.25,24982.705048
"1535","ITA",1999.5,25173.438678
"1536","ITA",1999.75,25560.982863
"1537","ITA",2000,25972.615111
"1538","ITA",2000.25,26400.508704
"1539","ITA",2000.5,26841.326422
"1540","ITA",2000.75,27530.201089
"1541","ITA",2001,28187.064299
"1542","ITA",2001.25,28370.574792
"1543","ITA",2001.5,28301.47545
"1544","ITA",2001.75,28117.544243
"1545","ITA",2002,27840.380066
"1546","ITA",2002.25,27782.099439
"1547","ITA",2002.5,27845.494989
"1548","ITA",2002.75,28046.569012
"1549","ITA",2003,28330.156525
"1550","ITA",2003.25,28364.52525
"1551","ITA",2003.5,28486.7486
"1552","ITA",2003.75,28548.121773
"1553","ITA",2004,28598.265335
"1554","ITA",2004.25,28648.244496
"1555","ITA",2004.5,28667.697729
"1556","ITA",2004.75,28736.286868
"1557","ITA",2005,28852.476559
"1558","ITA",2005.25,29281.141687
"1559","ITA",2005.5,29837.47558
"1560","ITA",2005.75,30291.7007
"1561","ITA",2006,30987.195944
"1562","ITA",2006.25,31630.186328
"1563","ITA",2006.5,32122.152277
"1564","ITA",2006.75,32656.77207
"1565","ITA",2007,33139.956058
"1566","ITA",2007.25,33379.042787
"1567","ITA",2007.5,33612.083906
"1568","ITA",2007.75,33960.817683
"1569","ITA",2008,34854.204627
"1570","ITA",2008.25,35098.817028
"1571","ITA",2008.5,35171.777772
"1572","ITA",2008.75,34599.523548
"1573","ITA",2009,33860.782522
"1574","ITA",2009.25,33742.758168
"1575","ITA",2009.5,33913.723571
"1576","ITA",2009.75,33931.275956
"1577","ITA",2010,33979.192352
"1578","ITA",2010.25,34238.179952
"1579","ITA",2010.5,34509.373627
"1580","ITA",2010.75,34834.663996
"1581","ITA",2011,35189.36596
"1582","ITA",2011.25,35600.536853
"1583","ITA",2011.5,35729.092758
"1584","ITA",2011.75,35509.62227
"1585","ITA",2012,35416.722508
"1586","ITA",2012.25,35412.768106
"1587","ITA",2012.5,35472.089454
"1588","ITA",2012.75,35500.221671
"1589","ITA",2013,35420.894969
"1590","ITA",2013.25,35458.598991
"1591","ITA",2013.5,35578.970088
"1592","ITA",2013.75,35585.617224
"1593","ITA",2014,35525.090998
"1594","ITA",2014.25,35514.694617
"1595","ITA",2014.5,35506.441566
"1596","ITA",2014.75,35372.220957
"1597","ITA",2015,35440.135641
"1598","ITA",2015.25,35647.491104
"1599","ITA",2015.5,35748.032275
"1600","JPN",2007.5,33320.040614
"1601","JPN",2007.75,33734.590807
"1602","JPN",2008,34125.665989
"1603","JPN",2008.25,33861.191305
"1604","JPN",2008.5,33718.714842
"1605","JPN",2008.75,32652.725632
"1606","JPN",2009,31434.80014
"1607","JPN",2009.25,31929.109313
"1608","JPN",2009.5,31964.13997
"1609","JPN",2009.75,32625.217654
"1610","JPN",2010,33224.528329
"1611","JPN",2010.25,33750.583157
"1612","JPN",2010.5,34237.414232
"1613","JPN",2010.75,34229.980125
"1614","JPN",2011,33757.271915
"1615","JPN",2011.25,33773.026313
"1616","JPN",2011.5,34901.555765
"1617","JPN",2011.75,35096.318276
"1618","JPN",2012,35663.689297
"1619","JPN",2012.25,35732.75227
"1620","JPN",2012.5,35774.049103
"1621","JPN",2012.75,35889.033612
"1622","JPN",2013,36384.319276
"1623","JPN",2013.25,36651.936013
"1624","JPN",2013.5,36841.743126
"1625","JPN",2013.75,36705.985927
"1626","JPN",2014,37002.450497
"1627","JPN",2014.25,36365.374017
"1628","JPN",2014.5,36291.06756
"1629","JPN",2014.75,36673.967834
"1630","JPN",2015,37477.65003
"1631","JPN",2015.25,37997.057654
"1632","JPN",2015.5,38619.833543
"1633","LUX",2000,56686.006011
"1634","LUX",2000.25,56446.370369
"1635","LUX",2000.5,57648.58057
"1636","LUX",2000.75,55252.646017
"1637","LUX",2001,57385.914792
"1638","LUX",2001.25,54986.851813
"1639","LUX",2001.5,55705.48009
"1640","LUX",2001.75,56535.134151
"1641","LUX",2002,58818.084208
"1642","LUX",2002.25,60111.95518
"1643","LUX",2002.5,59480.93778
"1644","LUX",2002.75,58899.278235
"1645","LUX",2003,58491.355748
"1646","LUX",2003.25,60414.554914
"1647","LUX",2003.5,60523.007516
"1648","LUX",2003.75,63676.018028
"1649","LUX",2004,63854.973677
"1650","LUX",2004.25,64912.285343
"1651","LUX",2004.5,66223.627709
"1652","LUX",2004.75,66436.889692
"1653","LUX",2005,65141.003234
"1654","LUX",2005.25,65607.6669
"1655","LUX",2005.5,67576.508852
"1656","LUX",2005.75,69547.696516
"1657","LUX",2006,74073.044334
"1658","LUX",2006.25,76525.457442
"1659","LUX",2006.5,78626.34163
"1660","LUX",2006.75,79810.296008
"1661","LUX",2007,81321.466315
"1662","LUX",2007.25,82844.01949
"1663","LUX",2007.5,83412.735826
"1664","LUX",2007.75,83250.500106
"1665","LUX",2008,86014.804748
"1666","LUX",2008.25,86352.207082
"1667","LUX",2008.5,86285.011453
"1668","LUX",2008.75,81150.113229
"1669","LUX",2009,80820.510967
"1670","LUX",2009.25,79319.706823
"1671","LUX",2009.5,80249.12245
"1672","LUX",2009.75,80286.050536
"1673","LUX",2010,81723.914035
"1674","LUX",2010.25,84035.447617
"1675","LUX",2010.5,85099.18585
"1676","LUX",2010.75,86764.821181
"1677","LUX",2011,89639.290188
"1678","LUX",2011.25,90529.475322
"1679","LUX",2011.5,91782.813029
"1680","LUX",2011.75,91437.307995
"1681","LUX",2012,88857.52487
"1682","LUX",2012.25,90421.313451
"1683","LUX",2012.5,90736.146313
"1684","LUX",2012.75,92436.45063
"1685","LUX",2013,93706.768124
"1686","LUX",2013.25,95954.174076
"1687","LUX",2013.5,96366.397386
"1688","LUX",2013.75,96249.509796
"1689","LUX",2014,96516.389441
"1690","LUX",2014.25,96858.221593
"1691","LUX",2014.5,98172.557527
"1692","LUX",2014.75,100494.495767
"1693","LUX",2015,99806.992654
"1694","LUX",2015.25,101321.316044
"1695","LUX",2015.5,101668.374135
"1696","MEX",2005,11994.126957
"1697","MEX",2005.25,12141.794979
"1698","MEX",2005.5,12464.121767
"1699","MEX",2005.75,12821.993272
"1700","MEX",2006,13205.748583
"1701","MEX",2006.25,13519.0478
"1702","MEX",2006.5,13653.564975
"1703","MEX",2006.75,13683.625206
"1704","MEX",2007,13889.048513
"1705","MEX",2007.25,14062.458282
"1706","MEX",2007.5,14169.940974
"1707","MEX",2007.75,14362.40389
"1708","MEX",2008,14533.562291
"1709","MEX",2008.25,14744.332266
"1710","MEX",2008.5,14917.003218
"1711","MEX",2008.75,14746.963307
"1712","MEX",2009,14306.235533
"1713","MEX",2009.25,14190.572639
"1714","MEX",2009.5,14470.416014
"1715","MEX",2009.75,14694.285106
"1716","MEX",2010,14814.2351
"1717","MEX",2010.25,15023.367422
"1718","MEX",2010.5,15243.962981
"1719","MEX",2010.75,15520.109327
"1720","MEX",2011,15909.670921
"1721","MEX",2011.25,16250.515315
"1722","MEX",2011.5,16626.049518
"1723","MEX",2011.75,16740.540936
"1724","MEX",2012,16866.700977
"1725","MEX",2012.25,17032.088809
"1726","MEX",2012.5,17008.631772
"1727","MEX",2012.75,17029.679006
"1728","MEX",2013,16972.748726
"1729","MEX",2013.25,16712.111294
"1730","MEX",2013.5,16991.676186
"1731","MEX",2013.75,17232.060562
"1732","MEX",2014,17619.772869
"1733","MEX",2014.25,18042.151011
"1734","MEX",2014.5,18386.018438
"1735","MEX",2014.75,18659.055439
"1736","MEX",2015,18872.461752
"1737","MEX",2015.25,19205.659667
"1738","MEX",2015.5,19528.777363
"1739","NLD",1995,22574.822503
"1740","NLD",1995.25,22828.627235
"1741","NLD",1995.5,23099.478001
"1742","NLD",1995.75,23365.233733
"1743","NLD",1996,23570.755373
"1744","NLD",1996.25,23941.295038
"1745","NLD",1996.5,24356.150581
"1746","NLD",1996.75,24635.828394
"1747","NLD",1997,25029.379572
"1748","NLD",1997.25,25363.764344
"1749","NLD",1997.5,25889.221896
"1750","NLD",1997.75,26404.280041
"1751","NLD",1998,26895.89666
"1752","NLD",1998.25,27214.043052
"1753","NLD",1998.5,27513.894987
"1754","NLD",1998.75,27743.300303
"1755","NLD",1999,28205.054575
"1756","NLD",1999.25,28585.735026
"1757","NLD",1999.5,29090.671105
"1758","NLD",1999.75,29803.217107
"1759","NLD",2000,30600.599345
"1760","NLD",2000.25,31333.344551
"1761","NLD",2000.5,31895.134424
"1762","NLD",2000.75,32338.188685
"1763","NLD",2001,32388.906925
"1764","NLD",2001.25,32693.027851
"1765","NLD",2001.5,32917.048417
"1766","NLD",2001.75,33270.516786
"1767","NLD",2002,33586.037823
"1768","NLD",2002.25,33984.791363
"1769","NLD",2002.5,34174.345005
"1770","NLD",2002.75,34093.54756
"1771","NLD",2003,33901.977334
"1772","NLD",2003.25,33590.94001
"1773","NLD",2003.5,33616.686022
"1774","NLD",2003.75,33962.204294
"1775","NLD",2004,34763.029719
"1776","NLD",2004.25,35296.127887
"1777","NLD",2004.5,35631.43792
"1778","NLD",2004.75,35860.330626
"1779","NLD",2005,36231.18682
"1780","NLD",2005.25,36810.823036
"1781","NLD",2005.5,37719.149328
"1782","NLD",2005.75,38474.586569
"1783","NLD",2006,39463.409986
"1784","NLD",2006.25,40673.282803
"1785","NLD",2006.5,41363.602937
"1786","NLD",2006.75,41873.284434
"1787","NLD",2007,42683.644799
"1788","NLD",2007.25,43114.54971
"1789","NLD",2007.5,43936.32968
"1790","NLD",2007.75,44991.688538
"1791","NLD",2008,45611.436438
"1792","NLD",2008.25,46258.738136
"1793","NLD",2008.5,46563.493122
"1794","NLD",2008.75,46231.703205
"1795","NLD",2009,44669.704417
"1796","NLD",2009.25,44343.087714
"1797","NLD",2009.5,44245.302038
"1798","NLD",2009.75,44365.439313
"1799","NLD",2010,44244.029854
"1800","NLD",2010.25,44527.617157
"1801","NLD",2010.5,44783.894598
"1802","NLD",2010.75,45518.344358
"1803","NLD",2011,46155.722535
"1804","NLD",2011.25,46469.427451
"1805","NLD",2011.5,46674.460873
"1806","NLD",2011.75,46204.04192
"1807","NLD",2012,46137.06906
"1808","NLD",2012.25,46384.787587
"1809","NLD",2012.5,46594.06734
"1810","NLD",2012.75,46657.593786
"1811","NLD",2013,47505.224662
"1812","NLD",2013.25,47734.926685
"1813","NLD",2013.5,48225.388317
"1814","NLD",2013.75,48447.648025
"1815","NLD",2014,48024.533609
"1816","NLD",2014.25,48172.692658
"1817","NLD",2014.5,48331.424453
"1818","NLD",2014.75,48536.806834
"1819","NLD",2015,48736.040574
"1820","NLD",2015.25,48942.05237
"1821","NLD",2015.5,49034.490172
"1822","NOR",1995,23363.555549
"1823","NOR",1995.25,23652.285134
"1824","NOR",1995.5,24393.630527
"1825","NOR",1995.75,24982.24553
"1826","NOR",1996,25767.003769
"1827","NOR",1996.25,26053.777385
"1828","NOR",1996.5,27191.208155
"1829","NOR",1996.75,27041.648177
"1830","NOR",1997,28057.653875
"1831","NOR",1997.25,28731.012422
"1832","NOR",1997.5,28495.669678
"1833","NOR",1997.75,28509.069876
"1834","NOR",1998,28170.608293
"1835","NOR",1998.25,28138.859463
"1836","NOR",1998.5,27568.150119
"1837","NOR",1998.75,27883.578727
"1838","NOR",1999,28582.71212
"1839","NOR",1999.25,29280.878486
"1840","NOR",1999.5,30849.091001
"1841","NOR",1999.75,32780.473992
"1842","NOR",2000,35292.717645
"1843","NOR",2000.25,36298.181072
"1844","NOR",2000.5,37645.591854
"1845","NOR",2000.75,37991.758622
"1846","NOR",2001,38062.73216
"1847","NOR",2001.25,37741.230693
"1848","NOR",2001.5,37857.977726
"1849","NOR",2001.75,37892.718048
"1850","NOR",2002,37345.10372
"1851","NOR",2002.25,38003.83597
"1852","NOR",2002.5,37431.990456
"1853","NOR",2002.75,37997.02288
"1854","NOR",2003,38295.916951
"1855","NOR",2003.25,38357.890453
"1856","NOR",2003.5,39324.657261
"1857","NOR",2003.75,39839.629789
"1858","NOR",2004,42041.041855
"1859","NOR",2004.25,42951.227783
"1860","NOR",2004.5,43172.594391
"1861","NOR",2004.75,44379.60948
"1862","NOR",2005,46076.619728
"1863","NOR",2005.25,47368.763277
"1864","NOR",2005.5,49124.012611
"1865","NOR",2005.75,50783.198172
"1866","NOR",2006,52985.755778
"1867","NOR",2006.25,54338.377811
"1868","NOR",2006.5,55447.073214
"1869","NOR",2006.75,56102.685221
"1870","NOR",2007,55514.914005
"1871","NOR",2007.25,55464.969146
"1872","NOR",2007.5,56885.111134
"1873","NOR",2007.75,59256.217991
"1874","NOR",2008,61499.597303
"1875","NOR",2008.25,63205.503468
"1876","NOR",2008.5,63300.674027
"1877","NOR",2008.75,61794.946395
"1878","NOR",2009,58432.829813
"1879","NOR",2009.25,55983.304151
"1880","NOR",2009.5,55163.723286
"1881","NOR",2009.75,55458.391026
"1882","NOR",2010,57805.163921
"1883","NOR",2010.25,58437.664377
"1884","NOR",2010.5,58064.411502
"1885","NOR",2010.75,60699.299962
"1886","NOR",2011,61530.107926
"1887","NOR",2011.25,62071.720575
"1888","NOR",2011.5,63590.654703
"1889","NOR",2011.75,63678.895956
"1890","NOR",2012,65140.76599
"1891","NOR",2012.25,65535.580196
"1892","NOR",2012.5,64884.188545
"1893","NOR",2012.75,65823.223994
"1894","NOR",2013,66445.797367
"1895","NOR",2013.25,67255.285723
"1896","NOR",2013.5,67628.389974
"1897","NOR",2013.75,66338.377554
"1898","NOR",2014,65498.91323
"1899","NOR",2014.25,65590.588853
"1900","NOR",2014.5,65396.947244
"1901","NOR",2014.75,66084.760393
"1902","NOR",2015,66672.363546
"1903","NOR",2015.25,67465.980807
"1904","NOR",2015.5,69316.632632
"1905","NZL",1991,14363.242248
"1906","NZL",1991.25,14273.338924
"1907","NZL",1991.5,14488.977283
"1908","NZL",1991.75,14540.567714
"1909","NZL",1992,14615.223023
"1910","NZL",1992.25,14825.891569
"1911","NZL",1992.5,14593.586907
"1912","NZL",1992.75,14796.748781
"1913","NZL",1993,15158.491554
"1914","NZL",1993.25,15375.257945
"1915","NZL",1993.5,15851.896922
"1916","NZL",1993.75,16144.124613
"1917","NZL",1994,16638.630673
"1918","NZL",1994.25,16712.741879
"1919","NZL",1994.5,16818.488447
"1920","NZL",1994.75,16995.398605
"1921","NZL",1995,17242.858628
"1922","NZL",1995.25,17640.243237
"1923","NZL",1995.5,17654.109487
"1924","NZL",1995.75,17867.998101
"1925","NZL",1996,18051.305655
"1926","NZL",1996.25,18265.996333
"1927","NZL",1996.5,18454.332061
"1928","NZL",1996.75,18589.809395
"1929","NZL",1997,18524.880181
"1930","NZL",1997.25,18960.148427
"1931","NZL",1997.5,19334.420508
"1932","NZL",1997.75,19021.766668
"1933","NZL",1998,18979.901137
"1934","NZL",1998.25,18887.499141
"1935","NZL",1998.5,19113.15569
"1936","NZL",1998.75,19538.219756
"1937","NZL",1999,19816.096515
"1938","NZL",1999.25,20021.660402
"1939","NZL",1999.5,20316.787786
"1940","NZL",1999.75,20615.079712
"1941","NZL",2000,21203.548831
"1942","NZL",2000.25,21053.91325
"1943","NZL",2000.5,21209.956505
"1944","NZL",2000.75,21439.443935
"1945","NZL",2001,21350.10974
"1946","NZL",2001.25,22161.317584
"1947","NZL",2001.5,22164.269127
"1948","NZL",2001.75,22458.687383
"1949","NZL",2002,22688.75601
"1950","NZL",2002.25,22850.51561
"1951","NZL",2002.5,23112.901779
"1952","NZL",2002.75,23446.126845
"1953","NZL",2003,23341.500684
"1954","NZL",2003.25,23176.770733
"1955","NZL",2003.5,23483.742128
"1956","NZL",2003.75,23902.024303
"1957","NZL",2004,24663.775549
"1958","NZL",2004.25,24870.322521
"1959","NZL",2004.5,24917.296806
"1960","NZL",2004.75,24819.870577
"1961","NZL",2005,24679.513677
"1962","NZL",2005.25,25226.153709
"1963","NZL",2005.5,25496.364592
"1964","NZL",2005.75,25859.86824
"1965","NZL",2006,26573.506158
"1966","NZL",2006.25,26919.877333
"1967","NZL",2006.5,27598.032723
"1968","NZL",2006.75,27833.963675
"1969","NZL",2007,28165.185492
"1970","NZL",2007.25,28571.326402
"1971","NZL",2007.5,29035.831455
"1972","NZL",2007.75,29416.159007
"1973","NZL",2008,29705.471329
"1974","NZL",2008.25,29643.651182
"1975","NZL",2008.5,29993.856583
"1976","NZL",2008.75,30096.577509
"1977","NZL",2009,29999.025725
"1978","NZL",2009.25,30296.740209
"1979","NZL",2009.5,30356.798943
"1980","NZL",2009.75,30654.941588
"1981","NZL",2010,30911.871082
"1982","NZL",2010.25,31106.51905
"1983","NZL",2010.5,30861.343647
"1984","NZL",2010.75,30962.470682
"1985","NZL",2011,31796.210686
"1986","NZL",2011.25,32375.065702
"1987","NZL",2011.5,32768.945094
"1988","NZL",2011.75,32682.828265
"1989","NZL",2012,32158.606199
"1990","NZL",2012.25,32389.352444
"1991","NZL",2012.5,32961.586659
"1992","NZL",2012.75,33886.501353
"1993","NZL",2013,35076.854216
"1994","NZL",2013.25,35856.93451
"1995","NZL",2013.5,36668.485389
"1996","NZL",2013.75,36869.933865
"1997","NZL",2014,37003.671618
"1998","NZL",2014.25,37007.028341
"1999","NZL",2014.5,37306.328157
"2000","NZL",2014.75,37562.886075
"2001","NZL",2015,37616.891845
"2002","NZL",2015.25,38022.957881
"2003","NZL",2015.5,38549.23735
"2004","POL",1995,7244.281685
"2005","POL",1995.25,7386.739355
"2006","POL",1995.5,7593.4091
"2007","POL",1995.75,7748.089837
"2008","POL",1996,7955.207592
"2009","POL",1996.25,8159.718009
"2010","POL",1996.5,8286.826353
"2011","POL",1996.75,8064.45033
"2012","POL",1997,8607.872744
"2013","POL",1997.25,8760.138264
"2014","POL",1997.5,8906.114544
"2015","POL",1997.75,9100.261094
"2016","POL",1998,9305.899852
"2017","POL",1998.25,9426.080471
"2018","POL",1998.5,9582.746349
"2019","POL",1998.75,9452.977654
"2020","POL",1999,9664.705956
"2021","POL",1999.25,9873.434613
"2022","POL",1999.5,10099.342709
"2023","POL",1999.75,10246.949523
"2024","POL",2000,10392.772316
"2025","POL",2000.25,10550.285694
"2026","POL",2000.5,10605.944796
"2027","POL",2000.75,10756.004207
"2028","POL",2001,10838.864102
"2029","POL",2001.25,10909.692571
"2030","POL",2001.5,11069.785813
"2031","POL",2001.75,11175.793393
"2032","POL",2002,11382.618334
"2033","POL",2002.25,11532.710406
"2034","POL",2002.5,11673.454361
"2035","POL",2002.75,11774.543776
"2036","POL",2003,11759.275441
"2037","POL",2003.25,11932.818436
"2038","POL",2003.5,12147.365764
"2039","POL",2003.75,12322.156534
"2040","POL",2004,12730.496463
"2041","POL",2004.25,13008.591819
"2042","POL",2004.5,13081.645039
"2043","POL",2004.75,13329.277312
"2044","POL",2005,13469.784015
"2045","POL",2005.25,13604.520131
"2046","POL",2005.5,13939.971703
"2047","POL",2005.75,14166.298722
"2048","POL",2006,14526.265445
"2049","POL",2006.25,14915.723777
"2050","POL",2006.5,15360.654219
"2051","POL",2006.75,15705.047902
"2052","POL",2007,16286.10457
"2053","POL",2007.25,16700.330463
"2054","POL",2007.5,17018.225191
"2055","POL",2007.75,17483.397644
"2056","POL",2008,17689.993176
"2057","POL",2008.25,17950.604938
"2058","POL",2008.5,18245.282356
"2059","POL",2008.75,18294.101859
"2060","POL",2009,18712.159722
"2061","POL",2009.25,18900.75129
"2062","POL",2009.5,19162.243229
"2063","POL",2009.75,19677.073394
"2064","POL",2010,19883.259354
"2065","POL",2010.25,20411.112254
"2066","POL",2010.5,20855.230961
"2067","POL",2010.75,21232.246344
"2068","POL",2011,21621.16804
"2069","POL",2011.25,22050.581477
"2070","POL",2011.5,22439.265614
"2071","POL",2011.75,22730.881441
"2072","POL",2012,23006.968172
"2073","POL",2012.25,23166.537308
"2074","POL",2012.5,23418.779591
"2075","POL",2012.75,23587.983762
"2076","POL",2013,23812.489668
"2077","POL",2013.25,24103.933585
"2078","POL",2013.5,24325.634635
"2079","POL",2013.75,24447.391205
"2080","POL",2014,24581.737013
"2081","POL",2014.25,24805.659139
"2082","POL",2014.5,25042.029269
"2083","POL",2014.75,25341.721251
"2084","POL",2015,25697.051117
"2085","POL",2015.25,26157.201324
"2086","POL",2015.5,26607.71676
"2087","PRT",1995,13365.151048
"2088","PRT",1995.25,13650.12842
"2089","PRT",1995.5,13779.565756
"2090","PRT",1995.75,13889.492182
"2091","PRT",1996,13934.264345
"2092","PRT",1996.25,14086.761246
"2093","PRT",1996.5,14290.169492
"2094","PRT",1996.75,14411.625611
"2095","PRT",1997,14763.535994
"2096","PRT",1997.25,14949.391375
"2097","PRT",1997.5,15186.36812
"2098","PRT",1997.75,15284.084182
"2099","PRT",1998,15460.555562
"2100","PRT",1998.25,15687.474191
"2101","PRT",1998.5,15933.004525
"2102","PRT",1998.75,16130.413753
"2103","PRT",1999,16491.362344
"2104","PRT",1999.25,16680.016845
"2105","PRT",1999.5,16922.577489
"2106","PRT",1999.75,17129.525472
"2107","PRT",2000,17635.645349
"2108","PRT",2000.25,17614.624333
"2109","PRT",2000.5,17959.519457
"2110","PRT",2000.75,18175.433059
"2111","PRT",2001,18218.823156
"2112","PRT",2001.25,18508.050895
"2113","PRT",2001.5,18623.268782
"2114","PRT",2001.75,19000.823223
"2115","PRT",2002,19198.513346
"2116","PRT",2002.25,19283.548829
"2117","PRT",2002.5,19366.20246
"2118","PRT",2002.75,19478.551533
"2119","PRT",2003,19752.44224
"2120","PRT",2003.25,19702.735565
"2121","PRT",2003.5,19905.203547
"2122","PRT",2003.75,19933.15961
"2123","PRT",2004,20018.700207
"2124","PRT",2004.25,20200.091267
"2125","PRT",2004.5,20335.733746
"2126","PRT",2004.75,20634.900892
"2127","PRT",2005,21356.265568
"2128","PRT",2005.25,21934.464744
"2129","PRT",2005.5,22284.961122
"2130","PRT",2005.75,22737.645966
"2131","PRT",2006,23282.641365
"2132","PRT",2006.25,23826.918802
"2133","PRT",2006.5,24042.89742
"2134","PRT",2006.75,24337.237314
"2135","PRT",2007,24863.019597
"2136","PRT",2007.25,25095.099928
"2137","PRT",2007.5,25245.764006
"2138","PRT",2007.75,25681.642942
"2139","PRT",2008,25903.604314
"2140","PRT",2008.25,26010.240375
"2141","PRT",2008.5,26290.170323
"2142","PRT",2008.75,26183.843979
"2143","PRT",2009,25898.581715
"2144","PRT",2009.25,26063.866342
"2145","PRT",2009.5,26395.011739
"2146","PRT",2009.75,26478.507318
"2147","PRT",2010,26749.954957
"2148","PRT",2010.25,26945.979262
"2149","PRT",2010.5,27045.986456
"2150","PRT",2010.75,27030.500373
"2151","PRT",2011,26884.375378
"2152","PRT",2011.25,26975.609926
"2153","PRT",2011.5,27037.476217
"2154","PRT",2011.75,26830.864817
"2155","PRT",2012,27129.152797
"2156","PRT",2012.25,27127.254622
"2157","PRT",2012.5,27193.670711
"2158","PRT",2012.75,27049.387004
"2159","PRT",2013,27418.439624
"2160","PRT",2013.25,27812.641169
"2161","PRT",2013.5,28016.172029
"2162","PRT",2013.75,28477.282675
"2163","PRT",2014,28477.158126
"2164","PRT",2014.25,28776.885459
"2165","PRT",2014.5,28888.995944
"2166","PRT",2014.75,28897.645872
"2167","PRT",2015,28881.594252
"2168","PRT",2015.25,29042.638093
"2169","PRT",2015.5,28996.329774
"2170","SVK",1995,8211.160866
"2171","SVK",1995.25,8377.714632
"2172","SVK",1995.5,8550.599548
"2173","SVK",1995.75,8731.907799
"2174","SVK",1996,8923.806291
"2175","SVK",1996.25,9107.513203
"2176","SVK",1996.5,9284.533673
"2177","SVK",1996.75,9486.934031
"2178","SVK",1997,9753.768373
"2179","SVK",1997.25,9874.285028
"2180","SVK",1997.5,10055.481359
"2181","SVK",1997.75,10131.03228
"2182","SVK",1998,10320.102662
"2183","SVK",1998.25,10350.457856
"2184","SVK",1998.5,10302.130978
"2185","SVK",1998.75,11064.58529
"2186","SVK",1999,10716.915813
"2187","SVK",1999.25,10541.994168
"2188","SVK",1999.5,10500.983043
"2189","SVK",1999.75,10523.981344
"2190","SVK",2000,10778.516517
"2191","SVK",2000.25,11016.999381
"2192","SVK",2000.5,11244.596471
"2193","SVK",2000.75,11484.711377
"2194","SVK",2001,11815.466509
"2195","SVK",2001.25,12138.357404
"2196","SVK",2001.5,12317.600794
"2197","SVK",2001.75,12675.009283
"2198","SVK",2002,12802.384191
"2199","SVK",2002.25,12989.811248
"2200","SVK",2002.5,13310.619122
"2201","SVK",2002.75,13418.438634
"2202","SVK",2003,13648.991352
"2203","SVK",2003.25,13818.858589
"2204","SVK",2003.5,13904.727858
"2205","SVK",2003.75,14178.052324
"2206","SVK",2004,14493.906252
"2207","SVK",2004.25,14727.989109
"2208","SVK",2004.5,15143.671956
"2209","SVK",2004.75,15474.426532
"2210","SVK",2005,15788.791757
"2211","SVK",2005.25,16250.717077
"2212","SVK",2005.5,16720.920739
"2213","SVK",2005.75,17178.565775
"2214","SVK",2006,17861.243177
"2215","SVK",2006.25,18502.27806
"2216","SVK",2006.5,19021.770721
"2217","SVK",2006.75,19606.726718
"2218","SVK",2007,20177.854621
"2219","SVK",2007.25,20802.937809
"2220","SVK",2007.5,21451.027807
"2221","SVK",2007.75,23047.74854
"2222","SVK",2008,22839.921856
"2223","SVK",2008.25,23451.790508
"2224","SVK",2008.5,24113.968913
"2225","SVK",2008.75,24558.358739
"2226","SVK",2009,22462.174098
"2227","SVK",2009.25,22834.681216
"2228","SVK",2009.5,23204.137432
"2229","SVK",2009.75,23659.01483
"2230","SVK",2010,24006.826591
"2231","SVK",2010.25,24262.925429
"2232","SVK",2010.5,24485.515578
"2233","SVK",2010.75,24606.698432
"2234","SVK",2011,24854.085491
"2235","SVK",2011.25,25078.084674
"2236","SVK",2011.5,25270.03933
"2237","SVK",2011.75,25470.005013
"2238","SVK",2012,25689.942212
"2239","SVK",2012.25,25947.119892
"2240","SVK",2012.5,26252.098798
"2241","SVK",2012.75,26510.268849
"2242","SVK",2013,26930.831721
"2243","SVK",2013.25,27261.411604
"2244","SVK",2013.5,27601.917989
"2245","SVK",2013.75,27882.012317
"2246","SVK",2014,28105.639945
"2247","SVK",2014.25,28310.389535
"2248","SVK",2014.5,28434.291997
"2249","SVK",2014.75,28456.288936
"2250","SVK",2015,28443.546842
"2251","SVK",2015.25,28592.305085
"2252","SVK",2015.5,28675.042834
"2253","SVN",1995,13019.704225
"2254","SVN",1995.25,13228.314552
"2255","SVN",1995.5,13359.492266
"2256","SVN",1995.75,13500.260675
"2257","SVN",1996,13690.584917
"2258","SVN",1996.25,13838.219115
"2259","SVN",1996.5,14131.321308
"2260","SVN",1996.75,14418.538009
"2261","SVN",1997,14630.416809
"2262","SVN",1997.25,14991.568665
"2263","SVN",1997.5,15181.370751
"2264","SVN",1997.75,15390.665481
"2265","SVN",1998,15587.839775
"2266","SVN",1998.25,15743.77489
"2267","SVN",1998.5,15980.155424
"2268","SVN",1998.75,16172.246254
"2269","SVN",1999,16475.255689
"2270","SVN",1999.25,17071.691476
"2271","SVN",1999.5,16801.490081
"2272","SVN",1999.75,17141.222976
"2273","SVN",2000,17389.627148
"2274","SVN",2000.25,17819.858694
"2275","SVN",2000.5,18102.69988
"2276","SVN",2000.75,18300.962857
"2277","SVN",2001,18579.425759
"2278","SVN",2001.25,18763.419352
"2279","SVN",2001.5,18989.29848
"2280","SVN",2001.75,19294.128497
"2281","SVN",2002,19812.275059
"2282","SVN",2002.25,19981.851522
"2283","SVN",2002.5,20258.113179
"2284","SVN",2002.75,20652.987193
"2285","SVN",2003,20648.193678
"2286","SVN",2003.25,20682.665119
"2287","SVN",2003.5,21000.213528
"2288","SVN",2003.75,21349.093652
"2289","SVN",2004,21844.023576
"2290","SVN",2004.25,22360.09031
"2291","SVN",2004.5,22761.64641
"2292","SVN",2004.75,22900.378267
"2293","SVN",2005,23240.089342
"2294","SVN",2005.25,23616.931414
"2295","SVN",2005.5,23964.610148
"2296","SVN",2005.75,24561.041274
"2297","SVN",2006,25061.888356
"2298","SVN",2006.25,25767.88277
"2299","SVN",2006.5,26268.794258
"2300","SVN",2006.75,26761.95599
"2301","SVN",2007,27247.680746
"2302","SVN",2007.25,27564.515317
"2303","SVN",2007.5,28109.639822
"2304","SVN",2007.75,28392.665066
"2305","SVN",2008,29335.231587
"2306","SVN",2008.25,29892.978924
"2307","SVN",2008.5,30067.983844
"2308","SVN",2008.75,29012.184448
"2309","SVN",2009,27772.6735
"2310","SVN",2009.25,27334.404267
"2311","SVN",2009.5,27250.17703
"2312","SVN",2009.75,27117.739314
"2313","SVN",2010,27052.528082
"2314","SVN",2010.25,27306.103343
"2315","SVN",2010.5,27507.748083
"2316","SVN",2010.75,27891.664583
"2317","SVN",2011,28139.16679
"2318","SVN",2011.25,28534.083683
"2319","SVN",2011.5,28662.537179
"2320","SVN",2011.75,28566.183092
"2321","SVN",2012,28723.12146
"2322","SVN",2012.25,28502.575323
"2323","SVN",2012.5,28616.293811
"2324","SVN",2012.75,28480.776253
"2325","SVN",2013,28716.144406
"2326","SVN",2013.25,28929.440126
"2327","SVN",2013.5,29249.559702
"2328","SVN",2013.75,29800.275877
"2329","SVN",2014,29941.562494
"2330","SVN",2014.25,30362.728271
"2331","SVN",2014.5,30623.085872
"2332","SVN",2014.75,30576.386787
"2333","SVN",2015,30609.275037
"2334","SVN",2015.25,30809.31327
"2335","SVN",2015.5,30835.502144
"2336","SWE",1993,20016.204731
"2337","SWE",1993.25,20290.470376
"2338","SWE",1993.5,20673.22136
"2339","SWE",1993.75,20619.323718
"2340","SWE",1994,21045.724062
"2341","SWE",1994.25,21332.509871
"2342","SWE",1994.5,21591.044584
"2343","SWE",1994.75,21971.627998
"2344","SWE",1995,22374.742713
"2345","SWE",1995.25,22580.571669
"2346","SWE",1995.5,22773.791377
"2347","SWE",1995.75,23222.496321
"2348","SWE",1996,23493.957
"2349","SWE",1996.25,23435.218909
"2350","SWE",1996.5,23594.99275
"2351","SWE",1996.75,23854.298486
"2352","SWE",1997,24081.929579
"2353","SWE",1997.25,24367.373607
"2354","SWE",1997.5,24616.49952
"2355","SWE",1997.75,25041.703675
"2356","SWE",1998,25073.247307
"2357","SWE",1998.25,25476.821315
"2358","SWE",1998.5,25660.600845
"2359","SWE",1998.75,26022.680274
"2360","SWE",1999,26580.654648
"2361","SWE",1999.25,26801.056088
"2362","SWE",1999.5,27238.692865
"2363","SWE",1999.75,27982.511091
"2364","SWE",2000,28562.577779
"2365","SWE",2000.25,29390.148104
"2366","SWE",2000.5,29742.164609
"2367","SWE",2000.75,29787.120525
"2368","SWE",2001,29608.075399
"2369","SWE",2001.25,29736.188939
"2370","SWE",2001.5,29877.140384
"2371","SWE",2001.75,30110.110675
"2372","SWE",2002,30251.171271
"2373","SWE",2002.25,30793.546274
"2374","SWE",2002.5,30957.545736
"2375","SWE",2002.75,31221.532849
"2376","SWE",2003,31720.334435
"2377","SWE",2003.25,31674.692848
"2378","SWE",2003.5,32312.741106
"2379","SWE",2003.75,32788.004841
"2380","SWE",2004,33781.974089
"2381","SWE",2004.25,34258.599422
"2382","SWE",2004.5,34414.897547
"2383","SWE",2004.75,34333.731312
"2384","SWE",2005,33880.69627
"2385","SWE",2005.25,33960.13922
"2386","SWE",2005.5,34358.76356
"2387","SWE",2005.75,34900.283038
"2388","SWE",2006,36205.121871
"2389","SWE",2006.25,37200.989843
"2390","SWE",2006.5,38167.387594
"2391","SWE",2006.75,38684.048361
"2392","SWE",2007,39551.886056
"2393","SWE",2007.25,40214.538643
"2394","SWE",2007.5,40839.46272
"2395","SWE",2007.75,41779.830228
"2396","SWE",2008,41756.738266
"2397","SWE",2008.25,42234.038106
"2398","SWE",2008.5,42501.024087
"2399","SWE",2008.75,40945.801982
"2400","SWE",2009,39890.344317
"2401","SWE",2009.25,39690.164131
"2402","SWE",2009.5,39492.435757
"2403","SWE",2009.75,39615.997085
"2404","SWE",2010,40465.626221
"2405","SWE",2010.25,41366.188112
"2406","SWE",2010.5,41966.892544
"2407","SWE",2010.75,42917.440049
"2408","SWE",2011,43094.719093
"2409","SWE",2011.25,43583.044501
"2410","SWE",2011.5,44290.063538
"2411","SWE",2011.75,43650.397863
"2412","SWE",2012,44038.948699
"2413","SWE",2012.25,44545.97699
"2414","SWE",2012.5,44716.272948
"2415","SWE",2012.75,44663.905713
"2416","SWE",2013,45199.587213
"2417","SWE",2013.25,44921.959287
"2418","SWE",2013.5,45108.621397
"2419","SWE",2013.75,45243.79637
"2420","SWE",2014,45014.169358
"2421","SWE",2014.25,45193.166875
"2422","SWE",2014.5,45356.696418
"2423","SWE",2014.75,45939.431381
"2424","SWE",2015,46662.830402
"2425","SWE",2015.25,47680.893559
"2426","SWE",2015.5,48520.970859
"2427","USA",1989,22427.168709
"2428","USA",1989.25,22785.476303
"2429","USA",1989.5,23058.724737
"2430","USA",1989.75,23204.522212
"2431","USA",1990,23663.913616
"2432","USA",1990.25,23926.458987
"2433","USA",1990.5,24060.73545
"2434","USA",1990.75,23951.217185
"2435","USA",1991,24002.80665
"2436","USA",1991.25,24276.958702
"2437","USA",1991.5,24485.263717
"2438","USA",1991.75,24640.649832
"2439","USA",1992,24965.47137
"2440","USA",1992.25,25317.13195
"2441","USA",1992.5,25589.969928
"2442","USA",1992.75,25931.848364
"2443","USA",1993,26050.903532
"2444","USA",1993.25,26285.283228
"2445","USA",1993.5,26481.892035
"2446","USA",1993.75,26889.239792
"2447","USA",1994,27211.820782
"2448","USA",1994.25,27639.723215
"2449","USA",1994.5,27863.341797
"2450","USA",1994.75,28248.286597
"2451","USA",1995,28431.202617
"2452","USA",1995.25,28574.595517
"2453","USA",1995.5,28863.29588
"2454","USA",1995.75,29122.171608
"2455","USA",1996,29398.443873
"2456","USA",1996.25,29940.464474
"2457","USA",1996.5,30204.199491
"2458","USA",1996.75,30580.720393
"2459","USA",1997,30923.15676
"2460","USA",1997.25,31384.616514
"2461","USA",1997.5,31792.560838
"2462","USA",1997.75,32045.316978
"2463","USA",1998,32332.060375
"2464","USA",1998.25,32624.59966
"2465","USA",1998.5,33071.911022
"2466","USA",1998.75,33618.240807
"2467","USA",1999,33969.788172
"2468","USA",1999.25,34271.185954
"2469","USA",1999.5,34717.659633
"2470","USA",1999.75,35375.563095
"2471","USA",2000,35658.931263
"2472","USA",2000.25,36447.613847
"2473","USA",2000.5,36628.484735
"2474","USA",2000.75,36936.984601
"2475","USA",2001,36978.347392
"2476","USA",2001.25,37348.949227
"2477","USA",2001.5,37255.238389
"2478","USA",2001.75,37376.489202
"2479","USA",2002,37759.074355
"2480","USA",2002.25,38024.299832
"2481","USA",2002.5,38282.986996
"2482","USA",2002.75,38420.522686
"2483","USA",2003,38776.764534
"2484","USA",2003.25,39175.133418
"2485","USA",2003.5,39952.366878
"2486","USA",2003.75,40514.418742
"2487","USA",2004,41022.868425
"2488","USA",2004.25,41592.488263
"2489","USA",2004.5,42123.88838
"2490","USA",2004.75,42680.08453
"2491","USA",2005,43442.603498
"2492","USA",2005.25,43892.512551
"2493","USA",2005.5,44561.652156
"2494","USA",2005.75,45042.849545
"2495","USA",2006,45842.289814
"2496","USA",2006.25,46244.738747
"2497","USA",2006.5,46488.735878
"2498","USA",2006.75,46896.441359
"2499","USA",2007,47347.883796
"2500","USA",2007.25,47869.452078
"2501","USA",2007.5,48234.137363
"2502","USA",2007.75,48493.704368
"2503","USA",2008,48331.762737
"2504","USA",2008.25,48701.341399
"2505","USA",2008.5,48681.215604
"2506","USA",2008.75,47608.436731
"2507","USA",2009,46969.830556
"2508","USA",2009.25,46731.798244
"2509","USA",2009.5,46766.458694
"2510","USA",2009.75,47250.109477
"2511","USA",2010,47526.877543
"2512","USA",2010.25,48109.68359
"2513","USA",2010.5,48556.779155
"2514","USA",2010.75,49010.786737
"2515","USA",2011,48952.581042
"2516","USA",2011.25,49580.864055
"2517","USA",2011.5,49883.189534
"2518","USA",2011.75,50416.966097
"2519","USA",2012,50933.44557
"2520","USA",2012.25,51318.298292
"2521","USA",2012.5,51551.510531
"2522","USA",2012.75,51666.930856
"2523","USA",2013,52034.612305
"2524","USA",2013.25,52217.542551
"2525","USA",2013.5,52745.509813
"2526","USA",2013.75,53365.222727
"2527","USA",2014,53361.421103
"2528","USA",2014.25,54166.28768
"2529","USA",2014.5,54847.403512
"2530","USA",2014.75,55032.489847
"2531","USA",2015,55046.89308
"2532","USA",2015.25,55776.901114
"2533","USA",2015.5,56121.738698
